id,latitude,longitude,country,city,material,llrs,code_level,n_stories,occupancy,block_position,epoch_construction,roof_shape,roof_material,image_quality,taxonomy,image filename or link
1.0,38.70108733348184,-9.20400349081912,Portugal,Lisbon,CR,LFM,CDM,3.0,RES,BP2,Select Epoch of Construction,RSH1,RMN,,CR/LFM/CDM/H:3/BP2/RSH1+RMN/RES,"https://www.google.com/maps/@?api=1&map_action=pano&viewpoint=38.70108733,-9.20400349&heading=334.90461712373497&pitch=5&fov=120"
2.0,38.695850822936215,-9.217359531249553,Portugal,Lisbon,MUR,LWAL,CDL,2.0,RES,BP2,Select Epoch of Construction,RSH2,RMT1,,MUR/LWAL/CDL/H:2/BP2/RSH2+RMT1/RES,"https://www.google.com/maps/@?api=1&map_action=pano&viewpoint=38.69585082,-9.21735953&heading=170.85758478688405&pitch=5&fov=120"
5.0,38.70022449109836,-9.220065804436544,Portugal,Lisbon,MR,LWAL,CDL,3.0,RES,BP2,Select Epoch of Construction,RSH3,RMT1,,MR/LWAL/CDL/H:3/BP2/RSH3+RMT1/RES,"https://www.google.com/maps/@?api=1&map_action=pano&viewpoint=38.70022449,-9.2200658&heading=32.011325933409466&pitch=5&fov=120"
9.0,38.70446486396804,-9.202483128805303,Portugal,Lisbon,MUR,LWAL,CDN,1.0,RES,BP2,Select Epoch of Construction,RSH1,RMN,,MUR/LWAL/CDN/H:1/BP2/RSH1+RMN/RES,"https://www.google.com/maps/@?api=1&map_action=pano&viewpoint=38.70446486,-9.20248313&heading=328.94915257036155&pitch=5&fov=120"
10.0,38.70018102956806,-9.203855985982404,Portugal,Lisbon,MUR,LWAL,CDL,2.0,RES,BPD,Select Epoch of Construction,RSH2,RMT1,,MUR/LWAL/CDL/H:2/BPD/RSH2+RMT1/RES,"https://www.google.com/maps/@?api=1&map_action=pano&viewpoint=38.70018103,-9.20385599&heading=62.98080371621347&pitch=5&fov=120"
11.0,38.69802038415644,-9.217282822333544,Portugal,Lisbon,MCF,LWAL,CDL,2.0,RES,BP1,Select Epoch of Construction,RSH3,RMT1,,MCF/LWAL/CDL/H:2/BP1/RSH3+RMT1/RES,"https://www.google.com/maps/@?api=1&map_action=pano&viewpoint=38.69802038,-9.21728282&heading=96.35156670524225&pitch=5&fov=120"
12.0,38.696971067505295,-9.218222111659712,Portugal,Lisbon,MCF,LWAL,CDL,2.0,RES,BP2,Select Epoch of Construction,RSH2,RMT1,,MCF/LWAL/CDL/H:2/BP2/RSH2+RMT1/RES,"https://www.google.com/maps/@?api=1&map_action=pano&viewpoint=38.69697107,-9.21822211&heading=96.18695743905926&pitch=5&fov=120"
13.0,38.69678183143055,-9.217493005215248,Portugal,Lisbon,MCF,LWAL,CDL,2.0,RES,BP2,Select Epoch of Construction,RSH2,RMT1,,MCF/LWAL/CDL/H:2/BP2/RSH2+RMT1/RES,"https://www.google.com/maps/@?api=1&map_action=pano&viewpoint=38.69678183,-9.21749301&heading=90.52225418086334&pitch=5&fov=120"
14.0,38.69730575137777,-9.194598456590583,Portugal,Lisbon,CR,LFM,CDL,3.0,MIX(RES;COM),BP2,Select Epoch of Construction,RSH1,RMN,,CR/LFM/CDL/H:3/BP2/RSH1+RMN/MIX(RES;COM),"https://www.google.com/maps/@?api=1&map_action=pano&viewpoint=38.69730575,-9.19459846&heading=153.21894299346445&pitch=5&fov=120"
15.0,38.69711406545196,-9.201848555594196,Portugal,Lisbon,CR,LFM,CDL,4.0,MIX(RES;COM),BP1,Select Epoch of Construction,RSH1,RMN,,CR/LFM/CDL/H:4/BP1/RSH1+RMN/MIX(RES;COM),"https://www.google.com/maps/@?api=1&map_action=pano&viewpoint=38.69711407,-9.20184856&heading=151.68601023298294&pitch=5&fov=120"
16.0,38.69956694712085,-9.222920698955186,Portugal,Lisbon,MCF,LWAL,CDM,2.0,RES,BP1,Select Epoch of Construction,RSH3,RMT1,,MCF/LWAL/CDM/H:2/BP1/RSH3+RMT1/RES,"https://www.google.com/maps/@?api=1&map_action=pano&viewpoint=38.69956695,-9.2229207&heading=302.5966113449633&pitch=5&fov=120"
17.0,38.699750252979854,-9.203481202076448,Portugal,Lisbon,MCF,LWAL,CDL,2.0,RES,BP2,Select Epoch of Construction,RSH2,RMT1,,MCF/LWAL/CDL/H:2/BP2/RSH2+RMT1/RES,"https://www.google.com/maps/@?api=1&map_action=pano&viewpoint=38.69975025,-9.2034812&heading=260.14023177888066&pitch=5&fov=120"
18.0,38.70022802838023,-9.199722536225114,Portugal,Lisbon,CR,LFINF,CDL,4.0,EDU,BP1,Select Epoch of Construction,RSH2,RMT1,,CR/LFINF/CDL/H:4/BP1/RSH2+RMT1/EDU,"https://www.google.com/maps/@?api=1&map_action=pano&viewpoint=38.70022803,-9.19972254&heading=56.89493333456454&pitch=5&fov=120"
19.0,38.700236680146034,-9.20223180121008,Portugal,Lisbon,MUR,LWAL,CDN,1.0,COM,BPD,Select Epoch of Construction,RSH3,RMT1,,MUR/LWAL/CDN/H:1/BPD/RSH3+RMT1/COM,"https://www.google.com/maps/@?api=1&map_action=pano&viewpoint=38.70023668,-9.2022318&heading=150&pitch=5&fov=120"
20.0,38.69448237944838,-9.21357223457414,Portugal,Lisbon,MCF,LWAL,CDL,2.0,RES,BP2,Select Epoch of Construction,RSH2,RMT1,,MCF/LWAL/CDL/H:2/BP2/RSH2+RMT1/RES,"https://www.google.com/maps/@?api=1&map_action=pano&viewpoint=38.69448238,-9.21357223&heading=149.09848740950804&pitch=5&fov=120"
22.0,38.70278350242106,-9.218653182187891,Portugal,Lisbon,CR,LFM,CDM,2.0,RES,BPD,Select Epoch of Construction,RSH3,RMT1,,CR/LFM/CDM/H:2/BPD/RSH3+RMT1/RES,"https://www.google.com/maps/@?api=1&map_action=pano&viewpoint=38.7027835,-9.21865318&heading=121.02598080047153&pitch=5&fov=120"
23.0,38.70308849999999,-9.2163602,Portugal,Lisbon,CR,LFM,CDM,3.0,RES,BPD,Select Epoch of Construction,RSH3,RMT1,,CR/LFM/CDM/H:3/BPD/RSH3+RMT1/RES,"https://www.google.com/maps/@?api=1&map_action=pano&viewpoint=38.7030885,-9.2163602&heading=206.01406544707316&pitch=5&fov=120"
24.0,38.69726854688537,-9.2104726381583,Portugal,Lisbon,CR,LFM,CDH,2.0,RES,BPD,Select Epoch of Construction,RSH1,RMN,,CR/LFM/CDH/H:2/BPD/RSH1+RMN/RES,"https://www.google.com/maps/@?api=1&map_action=pano&viewpoint=38.69726855,-9.21047264&heading=307.3724428345927&pitch=5&fov=120"
25.0,38.7023202,-9.205058899999996,Portugal,Lisbon,MUR,LWAL,CDN,1.0,RES,BP2,Select Epoch of Construction,RSH2,RMT1,,MUR/LWAL/CDN/H:1/BP2/RSH2+RMT1/RES,"https://www.google.com/maps/@?api=1&map_action=pano&viewpoint=38.7023202,-9.2050589&heading=156.1975105957905&pitch=5&fov=120"
26.0,38.70255142900255,-9.202734449736202,Portugal,Lisbon,CR,LFM,CDL,4.0,MIX(RES;COM),BP1,Select Epoch of Construction,RSH1,RMN,,CR/LFM/CDL/H:4/BP1/RSH1+RMN/MIX(RES;COM),"https://www.google.com/maps/@?api=1&map_action=pano&viewpoint=38.70255143,-9.20273445&heading=153.8117516136855&pitch=5&fov=120"
27.0,38.69998608620813,-9.221066441738596,Portugal,Lisbon,MCF,LWAL,CDL,2.0,RES,BP1,Select Epoch of Construction,RSH3,RMT1,,MCF/LWAL/CDL/H:2/BP1/RSH3+RMT1/RES,"https://www.google.com/maps/@?api=1&map_action=pano&viewpoint=38.69998609,-9.22106644&heading=213.5181407556713&pitch=5&fov=120"
28.0,38.7023166514245,-9.203498103464137,Portugal,Lisbon,MCF,LWAL,CDM,3.0,RES,BP1,Select Epoch of Construction,RSH1,RMN,,MCF/LWAL/CDM/H:3/BP1/RSH1+RMN/RES,"https://www.google.com/maps/@?api=1&map_action=pano&viewpoint=38.70231665,-9.2034981&heading=174.20288944066442&pitch=5&fov=120"
29.0,38.69672739313155,-9.217399183322412,Portugal,Lisbon,MUR,LWAL,CDL,1.0,RES,BP1,Select Epoch of Construction,RSH2,RMT1,,MUR/LWAL/CDL/H:1/BP1/RSH2+RMT1/RES,"https://www.google.com/maps/@?api=1&map_action=pano&viewpoint=38.69672739,-9.21739918&heading=269.37849443940064&pitch=5&fov=120"
30.0,38.69462958184965,-9.21658993659638,Portugal,Lisbon,MUR,LWAL,CDN,2.0,RES,BP1,Select Epoch of Construction,RSH3,RMT1,,MUR/LWAL/CDN/H:2/BP1/RSH3+RMT1/RES,"https://www.google.com/maps/@?api=1&map_action=pano&viewpoint=38.69462958,-9.21658994&heading=239.6965234482887&pitch=5&fov=120"
32.0,38.69786890612866,-9.213069434294937,Portugal,Lisbon,MCF,LWAL,CDN,2.0,GOV,BPD,Select Epoch of Construction,RSH3,RMT1,,MCF/LWAL/CDN/H:2/BPD/RSH3+RMT1/GOV,"https://www.google.com/maps/@?api=1&map_action=pano&viewpoint=38.69786891,-9.21306943&heading=145.80314962641728&pitch=5&fov=120"
33.0,38.700341348342256,-9.205241770417414,Portugal,Lisbon,MUR,LWAL,CDL,2.0,RES,BP1,Select Epoch of Construction,RSH3,RMT1,,MUR/LWAL/CDL/H:2/BP1/RSH3+RMT1/RES,"https://www.google.com/maps/@?api=1&map_action=pano&viewpoint=38.70034135,-9.20524177&heading=301.32676554061885&pitch=5&fov=120"
35.0,38.69664369836077,-9.21716558239932,Portugal,Lisbon,MCF,LWAL,CDL,2.0,RES,BP2,Select Epoch of Construction,RSH2,RMT1,,MCF/LWAL/CDL/H:2/BP2/RSH2+RMT1/RES,"https://www.google.com/maps/@?api=1&map_action=pano&viewpoint=38.6966437,-9.21716558&heading=85.76211526578629&pitch=5&fov=120"
36.0,38.69499760228475,-9.218651070665311,Portugal,Lisbon,CR,LFINF,CDL,1.0,COM,BP1,Select Epoch of Construction,RSH2,RMT6,,CR/LFINF/CDL/H:1/BP1/RSH2+RMT6/COM,"https://www.google.com/maps/@?api=1&map_action=pano&viewpoint=38.6949976,-9.21865107&heading=16.135192171151118&pitch=5&fov=120"
38.0,38.69935553322399,-9.204686184841064,Portugal,Lisbon,MUR,LWAL,CDN,1.0,RES,BP2,Select Epoch of Construction,RSH2,RMT1,,MUR/LWAL/CDN/H:1/BP2/RSH2+RMT1/RES,"https://www.google.com/maps/@?api=1&map_action=pano&viewpoint=38.69935553,-9.20468618&heading=122.0849357452413&pitch=5&fov=120"
39.0,38.69782351591746,-9.201793083731582,Portugal,Lisbon,MCF,LWAL,CDL,3.0,RES,BP2,Select Epoch of Construction,RSH2,RMT1,,MCF/LWAL/CDL/H:3/BP2/RSH2+RMT1/RES,"https://www.google.com/maps/@?api=1&map_action=pano&viewpoint=38.69782352,-9.20179308&heading=42.10751299286244&pitch=5&fov=120"
40.0,38.69714480584669,-9.203243904438327,Portugal,Lisbon,CR,LFM,CDL,2.0,COM,BP2,Select Epoch of Construction,RSH2,RMT1,,CR/LFM/CDL/H:2/BP2/RSH2+RMT1/COM,"https://www.google.com/maps/@?api=1&map_action=pano&viewpoint=38.69714481,-9.2032439&heading=67.50057856966839&pitch=5&fov=120"
41.0,38.697006116977306,-9.217991948692406,Portugal,Lisbon,CR,LFM,CDM,2.0,RES,BP2,Select Epoch of Construction,RSH2,RMT1,,CR/LFM/CDM/H:2/BP2/RSH2+RMT1/RES,"https://www.google.com/maps/@?api=1&map_action=pano&viewpoint=38.69700612,-9.21799195&heading=272.7869554726753&pitch=5&fov=120"
42.0,38.700589,-9.22492685,Portugal,Lisbon,CR,LFINF,CDL,4.0,RES,BPD,Select Epoch of Construction,RSH1,RMN,,CR/LFINF/CDL/H:4/BPD/RSH1+RMN/RES,"https://www.google.com/maps/@?api=1&map_action=pano&viewpoint=38.700589,-9.22492685&heading=302.9470706236541&pitch=5&fov=120"
43.0,38.70215447019559,-9.203567023283192,Portugal,Lisbon,CR,LFM,CDL,4.0,MIX(RES;COM),BP2,Select Epoch of Construction,RSH3,RMT1,,CR/LFM/CDL/H:4/BP2/RSH3+RMT1/MIX(RES;COM),"https://www.google.com/maps/@?api=1&map_action=pano&viewpoint=38.70215447,-9.20356702&heading=44.10614514211977&pitch=5&fov=120"
44.0,38.70492861551282,-9.20260071395759,Portugal,Lisbon,MCF,LWAL,CDL,3.0,RES,BP1,Select Epoch of Construction,RSH2,RMT1,,MCF/LWAL/CDL/H:3/BP1/RSH2+RMT1/RES,"https://www.google.com/maps/@?api=1&map_action=pano&viewpoint=38.70492862,-9.20260071&heading=239.3256199548889&pitch=5&fov=120"
46.0,38.701037098121255,-9.20572867037196,Portugal,Lisbon,MCF,LWAL,CDL,2.0,RES,BP1,Select Epoch of Construction,RSH2,RMT1,,MCF/LWAL/CDL/H:2/BP1/RSH2+RMT1/RES,"https://www.google.com/maps/@?api=1&map_action=pano&viewpoint=38.7010371,-9.20572867&heading=318.0777335855515&pitch=5&fov=120"
49.0,38.69492600567238,-9.213237962713071,Portugal,Lisbon,MCF,LWAL,CDL,3.0,RES,BP2,Select Epoch of Construction,RSH2,RMT1,,MCF/LWAL/CDL/H:3/BP2/RSH2+RMT1/RES,"https://www.google.com/maps/@?api=1&map_action=pano&viewpoint=38.69492601,-9.21323796&heading=53.584551240010796&pitch=5&fov=120"
52.0,38.70114569705875,-9.20502932134388,Portugal,Lisbon,MCF,LWAL,CDL,2.0,RES,BPD,Select Epoch of Construction,RSH3,RMT1,,MCF/LWAL/CDL/H:2/BPD/RSH3+RMT1/RES,"https://www.google.com/maps/@?api=1&map_action=pano&viewpoint=38.7011457,-9.20502932&heading=318.2687434792016&pitch=5&fov=120"
53.0,38.70197070154632,-9.205186780360808,Portugal,Lisbon,MUR,LWAL,CDL,1.0,RES,BP2,Select Epoch of Construction,RSH2,RMT1,,MUR/LWAL/CDL/H:1/BP2/RSH2+RMT1/RES,"https://www.google.com/maps/@?api=1&map_action=pano&viewpoint=38.7019707,-9.20518678&heading=319.68704542392345&pitch=5&fov=120"
54.0,38.6993693,-9.2126602,Portugal,Lisbon,CR,LFM,CDL,3.0,EDU,BPD,Select Epoch of Construction,RSH3,RMT1,,CR/LFM/CDL/H:3/BPD/RSH3+RMT1/EDU,"https://www.google.com/maps/@?api=1&map_action=pano&viewpoint=38.6993693,-9.2126602&heading=137.2048634788381&pitch=5&fov=120"
55.0,38.69794894533022,-9.192761131603728,Portugal,Lisbon,CR,LFINF,CDL,4.0,MIX(RES;COM),BP1,Select Epoch of Construction,RSH2,RMT1,,CR/LFINF/CDL/H:4/BP1/RSH2+RMT1/MIX(RES;COM),"https://www.google.com/maps/@?api=1&map_action=pano&viewpoint=38.69794895,-9.19276113&heading=225.17351541016808&pitch=5&fov=120"
56.0,38.69695062143491,-9.216211555010556,Portugal,Lisbon,MCF,LWAL,CDL,2.0,RES,BP1,Select Epoch of Construction,RSH2,RMT1,,MCF/LWAL/CDL/H:2/BP1/RSH2+RMT1/RES,"https://www.google.com/maps/@?api=1&map_action=pano&viewpoint=38.69695062,-9.21621156&heading=83.6521022906827&pitch=5&fov=120"
58.0,38.69985953881687,-9.203862280032803,Portugal,Lisbon,MCF,LWAL,CDL,2.0,RES,BPD,Select Epoch of Construction,RSH3,RMT1,,MCF/LWAL/CDL/H:2/BPD/RSH3+RMT1/RES,"https://www.google.com/maps/@?api=1&map_action=pano&viewpoint=38.69985954,-9.20386228&heading=60.82985460865888&pitch=5&fov=120"
59.0,38.70035029237256,-9.21851711709863,Portugal,Lisbon,MCF,LWAL,CDL,2.0,RES,BPD,Select Epoch of Construction,RSH3,RMT1,,MCF/LWAL/CDL/H:2/BPD/RSH3+RMT1/RES,"https://www.google.com/maps/@?api=1&map_action=pano&viewpoint=38.70035029,-9.21851712&heading=211.26403632559038&pitch=5&fov=120"
60.0,38.69741660224516,-9.193217209196504,Portugal,Lisbon,MCF,LWAL,CDL,2.0,RES,BP1,Select Epoch of Construction,RSH3,RMT1,,MCF/LWAL/CDL/H:2/BP1/RSH3+RMT1/RES,"https://www.google.com/maps/@?api=1&map_action=pano&viewpoint=38.6974166,-9.19321721&heading=230.217265067913&pitch=5&fov=120"
62.0,38.6981497563305,-9.192836121035691,Portugal,Lisbon,MUR,LWAL,CDN,1.0,RES,BP1,Select Epoch of Construction,RSH2,RMT1,,MUR/LWAL/CDN/H:1/BP1/RSH2+RMT1/RES,"https://www.google.com/maps/@?api=1&map_action=pano&viewpoint=38.69814976,-9.19283612&heading=186.19637539446558&pitch=5&fov=120"
64.0,38.69954505,-9.21730195,Portugal,Lisbon,CR,LFM,CDM,2.0,RES,BPD,Select Epoch of Construction,RSH3,RMT1,,CR/LFM/CDM/H:2/BPD/RSH3+RMT1/RES,"https://www.google.com/maps/@?api=1&map_action=pano&viewpoint=38.69954505,-9.21730195&heading=283.787582285436&pitch=5&fov=120"
65.0,38.69582576704259,-9.213491723386632,Portugal,Lisbon,CR,LFINF,CDL,3.0,RES,BP2,Select Epoch of Construction,RSH1,RMN,,CR/LFINF/CDL/H:3/BP2/RSH1+RMN/RES,"https://www.google.com/maps/@?api=1&map_action=pano&viewpoint=38.69582577,-9.21349172&heading=39.06850446664566&pitch=5&fov=120"
66.0,38.69721034871607,-9.194823509936198,Portugal,Lisbon,CR,LFM,CDM,3.0,COM,BPD,Select Epoch of Construction,RSH2,RMT1,,CR/LFM/CDM/H:3/BPD/RSH2+RMT1/COM,"https://www.google.com/maps/@?api=1&map_action=pano&viewpoint=38.69721035,-9.19482351&heading=65.9997946492607&pitch=5&fov=120"
68.0,38.69580386433265,-9.222555681076246,Portugal,Lisbon,CR,LFM,CDL,3.0,RES,BP2,Select Epoch of Construction,RSH2,RMT1,,CR/LFM/CDL/H:3/BP2/RSH2+RMT1/RES,"https://www.google.com/maps/@?api=1&map_action=pano&viewpoint=38.69580386,-9.22255568&heading=181.9193409017014&pitch=5&fov=120"
69.0,38.69879286916908,-9.192071818202551,Portugal,Lisbon,CR,LFM,CDL,3.0,RES,BP3,Select Epoch of Construction,RSH1,RMN,,CR/LFM/CDL/H:3/BP3/RSH1+RMN/RES,"https://www.google.com/maps/@?api=1&map_action=pano&viewpoint=38.69879287,-9.19207182&heading=209.7987140209475&pitch=5&fov=120"
70.0,38.69743943404753,-9.217019517105948,Portugal,Lisbon,MCF,LWAL,CDL,2.0,RES,BP2,Select Epoch of Construction,RSH2,RMT1,,MCF/LWAL/CDL/H:2/BP2/RSH2+RMT1/RES,"https://www.google.com/maps/@?api=1&map_action=pano&viewpoint=38.69743943,-9.21701952&heading=90.32627664476485&pitch=5&fov=120"
73.0,38.69983427254752,-9.219431527665485,Portugal,Lisbon,MUR,LWAL,CDN,2.0,RES,BPD,Select Epoch of Construction,RSH1,RMN,,MUR/LWAL/CDN/H:2/BPD/RSH1+RMN/RES,"https://www.google.com/maps/@?api=1&map_action=pano&viewpoint=38.69983427,-9.21943153&heading=302.4787773133165&pitch=5&fov=120"
74.0,38.69958558692864,-9.215576307627114,Portugal,Lisbon,CR,LFM,CDM,2.0,RES,BPD,Select Epoch of Construction,RSH3,RMT1,,CR/LFM/CDM/H:2/BPD/RSH3+RMT1/RES,"https://www.google.com/maps/@?api=1&map_action=pano&viewpoint=38.69958559,-9.21557631&heading=350.607985092018&pitch=5&fov=120"
75.0,38.69944291207787,-9.219659679009071,Portugal,Lisbon,MCF,LWAL,CDL,2.0,RES,BP2,Select Epoch of Construction,RSH2,RMT1,,MCF/LWAL/CDL/H:2/BP2/RSH2+RMT1/RES,"https://www.google.com/maps/@?api=1&map_action=pano&viewpoint=38.69944291,-9.21965968&heading=296.16165803689034&pitch=5&fov=120"
76.0,38.70349381294763,-9.204058214542702,Portugal,Lisbon,MCF,LWAL,CDN,1.0,RES,BP2,Select Epoch of Construction,RSH2,RMT1,,MCF/LWAL/CDN/H:1/BP2/RSH2+RMT1/RES,"https://www.google.com/maps/@?api=1&map_action=pano&viewpoint=38.70349381,-9.20405821&heading=93.03709521240575&pitch=5&fov=120"
77.0,38.7047555986117,-9.202684802151158,Portugal,Lisbon,MCF,LWAL,CDL,2.0,RES,BP2,Select Epoch of Construction,RSH2,RMT1,,MCF/LWAL/CDL/H:2/BP2/RSH2+RMT1/RES,"https://www.google.com/maps/@?api=1&map_action=pano&viewpoint=38.7047556,-9.2026848&heading=310.6127075858444&pitch=5&fov=120"
78.0,38.69471913333333,-9.218922789267014,Portugal,Lisbon,CR,LFM,CDM,3.0,RES,BPD,Select Epoch of Construction,RSH1,RMN,,CR/LFM/CDM/H:3/BPD/RSH1+RMN/RES,"https://www.google.com/maps/@?api=1&map_action=pano&viewpoint=38.69471913,-9.21892279&heading=1.6750908854401132&pitch=5&fov=120"
79.0,38.69630168058337,-9.216156622125707,Portugal,Lisbon,MCF,LWAL,CDL,2.0,RES,BP2,Select Epoch of Construction,RSH2,RMT1,,MCF/LWAL/CDL/H:2/BP2/RSH2+RMT1/RES,"https://www.google.com/maps/@?api=1&map_action=pano&viewpoint=38.69630168,-9.21615662&heading=80.27298872810638&pitch=5&fov=120"
80.0,38.69779885265357,-9.216961453272477,Portugal,Lisbon,MCF,LWAL,CDL,2.0,RES,BP2,Select Epoch of Construction,RSH2,RMT1,,MCF/LWAL/CDL/H:2/BP2/RSH2+RMT1/RES,"https://www.google.com/maps/@?api=1&map_action=pano&viewpoint=38.69779885,-9.21696145&heading=270.3263129499336&pitch=5&fov=120"
81.0,38.699630146364576,-9.204681819642785,Portugal,Lisbon,CR,LFINF,CDM,2.0,RES,BPD,Select Epoch of Construction,RSH3,RMT1,,CR/LFINF/CDM/H:2/BPD/RSH3+RMT1/RES,"https://www.google.com/maps/@?api=1&map_action=pano&viewpoint=38.69963015,-9.20468182&heading=303.58273557248367&pitch=5&fov=120"
82.0,38.70068229855864,-9.220307520281814,Portugal,Lisbon,CR,LFINF,CDM,2.0,RES,BPD,Select Epoch of Construction,RSH3,RMT1,,CR/LFINF/CDM/H:2/BPD/RSH3+RMT1/RES,"https://www.google.com/maps/@?api=1&map_action=pano&viewpoint=38.7006823,-9.22030752&heading=301.72877609602097&pitch=5&fov=120"
83.0,38.69799976943134,-9.2166055360905,Portugal,Lisbon,MCF,LWAL,CDL,3.0,RES,BP2,Select Epoch of Construction,RSH2,RMT1,,MCF/LWAL/CDL/H:3/BP2/RSH2+RMT1/RES,"https://www.google.com/maps/@?api=1&map_action=pano&viewpoint=38.69799977,-9.21660554&heading=359.20867977319983&pitch=5&fov=120"
84.0,38.70051044818657,-9.20485002176484,Portugal,Lisbon,MCF,LWAL,CDL,2.0,RES,BP1,Select Epoch of Construction,RSH3,RMT1,,MCF/LWAL/CDL/H:2/BP1/RSH3+RMT1/RES,"https://www.google.com/maps/@?api=1&map_action=pano&viewpoint=38.70051045,-9.20485002&heading=314.78326437093745&pitch=5&fov=120"
85.0,38.69804028987396,-9.217649542929887,Portugal,Lisbon,MCF,LWAL,CDL,2.0,RES,BP2,Select Epoch of Construction,RSH2,RMT1,,MCF/LWAL/CDL/H:2/BP2/RSH2+RMT1/RES,"https://www.google.com/maps/@?api=1&map_action=pano&viewpoint=38.69804029,-9.21764954&heading=99.44946409405577&pitch=5&fov=120"
87.0,38.69876883132579,-9.22037051224439,Portugal,Lisbon,MCF,LWAL,CDL,2.0,RES,BP2,Select Epoch of Construction,RSH2,RMT1,,MCF/LWAL/CDL/H:2/BP2/RSH2+RMT1/RES,"https://www.google.com/maps/@?api=1&map_action=pano&viewpoint=38.69876883,-9.22037051&heading=295.26421298868286&pitch=5&fov=120"
88.0,38.69724170326404,-9.194198475933808,Portugal,Lisbon,CR,LFM,CDL,2.0,COM,BP2,Select Epoch of Construction,RSH3,RMT6,,CR/LFM/CDL/H:2/BP2/RSH3+RMT6/COM,"https://www.google.com/maps/@?api=1&map_action=pano&viewpoint=38.6972417,-9.19419848&heading=60.09757351687881&pitch=5&fov=120"
89.0,38.69734174898132,-9.2163584974634,Portugal,Lisbon,CR,LFM,CDL,2.0,RES,BP1,Select Epoch of Construction,RSH2,RMT1,,CR/LFM/CDL/H:2/BP1/RSH2+RMT1/RES,"https://www.google.com/maps/@?api=1&map_action=pano&viewpoint=38.69734175,-9.2163585&heading=85.41018875841752&pitch=5&fov=120"
90.0,38.7021565,-9.205230050000004,Portugal,Lisbon,MUR,LWAL,CDN,1.0,RES,BP1,Select Epoch of Construction,RSH2,RMT1,,MUR/LWAL/CDN/H:1/BP1/RSH2+RMT1/RES,"https://www.google.com/maps/@?api=1&map_action=pano&viewpoint=38.7021565,-9.20523005&heading=318.1386634157002&pitch=5&fov=120"
92.0,38.69488564329895,-9.22322131673676,Portugal,Lisbon,CR,LFM,CDH,1.0,COM,BPD,Select Epoch of Construction,RSH1,RMN,,CR/LFM/CDH/H:1/BPD/RSH1+RMN/COM,"https://www.google.com/maps/@?api=1&map_action=pano&viewpoint=38.69488564,-9.22322132&heading=186.25497691825888&pitch=5&fov=120"
94.0,38.70405537944945,-9.203044645843628,Portugal,Lisbon,CR,LFINF,CDL,3.0,RES,BP2,Select Epoch of Construction,RSH1,RMN,,CR/LFINF/CDL/H:3/BP2/RSH1+RMN/RES,"https://www.google.com/maps/@?api=1&map_action=pano&viewpoint=38.70405538,-9.20304465&heading=67.74431376235032&pitch=5&fov=120"
95.0,38.6973208488523,-9.21836127310081,Portugal,Lisbon,MCF,LWAL,CDL,2.0,RES,BP2,Select Epoch of Construction,RSH2,RMT1,,MCF/LWAL/CDL/H:2/BP2/RSH2+RMT1/RES,"https://www.google.com/maps/@?api=1&map_action=pano&viewpoint=38.69732085,-9.21836127&heading=97.86842467783686&pitch=5&fov=120"
99.0,38.69986936731408,-9.215533946029971,Portugal,Lisbon,CR,LFM,CDM,2.0,RES,BPD,Select Epoch of Construction,RSH3,RMT1,,CR/LFM/CDM/H:2/BPD/RSH3+RMT1/RES,"https://www.google.com/maps/@?api=1&map_action=pano&viewpoint=38.69986937,-9.21553395&heading=182.7432728130384&pitch=5&fov=120"
100.0,38.69827305416188,-9.215644219086538,Portugal,Lisbon,MCF,LWAL,CDL,2.0,RES,BP1,Select Epoch of Construction,RSH2,RMT1,,MCF/LWAL/CDL/H:2/BP1/RSH2+RMT1/RES,"https://www.google.com/maps/@?api=1&map_action=pano&viewpoint=38.69827305,-9.21564422&heading=173.03944335369744&pitch=5&fov=120"
101.0,38.69762959742722,-9.216859782326132,Portugal,Lisbon,MCF,LWAL,CDL,2.0,RES,BP2,Select Epoch of Construction,RSH2,RMT1,,MCF/LWAL/CDL/H:2/BP2/RSH2+RMT1/RES,"https://www.google.com/maps/@?api=1&map_action=pano&viewpoint=38.6976296,-9.21685978&heading=90.32637651805612&pitch=5&fov=120"
102.0,38.69591229185109,-9.220351917682692,Portugal,Lisbon,MUR,LWAL,CDN,1.0,RES,BP1,Select Epoch of Construction,RSH3,RMT1,,MUR/LWAL/CDN/H:1/BP1/RSH3+RMT1/RES,"https://www.google.com/maps/@?api=1&map_action=pano&viewpoint=38.69591229,-9.22035192&heading=202.74232602207383&pitch=5&fov=120"
103.0,38.69661988443405,-9.216216564640469,Portugal,Lisbon,CR,LFINF,CDL,2.0,RES,BP1,Select Epoch of Construction,RSH3,RMT1,,CR/LFINF/CDL/H:2/BP1/RSH3+RMT1/RES,"https://www.google.com/maps/@?api=1&map_action=pano&viewpoint=38.69661988,-9.21621656&heading=260.27295125485637&pitch=5&fov=120"
106.0,38.6950768611074,-9.218845002050118,Portugal,Lisbon,MUR,LWAL,CDL,2.0,RES,BP3,Select Epoch of Construction,RSH2,RMT1,,MUR/LWAL/CDL/H:2/BP3/RSH2+RMT1/RES,"https://www.google.com/maps/@?api=1&map_action=pano&viewpoint=38.69507686,-9.218845&heading=15.626065383068749&pitch=5&fov=120"
108.0,38.69718826676469,-9.214949816311396,Portugal,Lisbon,CR,LFINF,CDL,2.0,RES,BPD,Select Epoch of Construction,RSH3,RMT1,,CR/LFINF/CDL/H:2/BPD/RSH3+RMT1/RES,"https://www.google.com/maps/@?api=1&map_action=pano&viewpoint=38.69718827,-9.21494982&heading=162.4801354506851&pitch=5&fov=120"
109.0,38.70163649516271,-9.218563835276576,Portugal,Lisbon,MUR,LWAL,CDL,1.0,RES,BPD,Select Epoch of Construction,RSH1,RMN,,MUR/LWAL/CDL/H:1/BPD/RSH1+RMN/RES,"https://www.google.com/maps/@?api=1&map_action=pano&viewpoint=38.7016365,-9.21856384&heading=301.88738680250185&pitch=5&fov=120"
110.0,38.69712657849235,-9.20218184438196,Portugal,Lisbon,CR,LFM,CDL,3.0,MIX(RES;COM),BP2,Select Epoch of Construction,RSH3,RMT1,,CR/LFM/CDL/H:3/BP2/RSH3+RMT1/MIX(RES;COM),"https://www.google.com/maps/@?api=1&map_action=pano&viewpoint=38.69712658,-9.20218184&heading=154.9984316286767&pitch=5&fov=120"
112.0,38.69970575,-9.203859799999998,Portugal,Lisbon,MCF,LWAL,CDL,2.0,RES,BP1,Select Epoch of Construction,RSH3,RMT1,,MCF/LWAL/CDL/H:2/BP1/RSH3+RMT1/RES,"https://www.google.com/maps/@?api=1&map_action=pano&viewpoint=38.69970575,-9.2038598&heading=61.75134180574673&pitch=5&fov=120"
113.0,38.69897785795023,-9.217431365685602,Portugal,Lisbon,MCF,LWAL,CDL,2.0,RES,BP2,Select Epoch of Construction,RSH3,RMT1,,MCF/LWAL/CDL/H:2/BP2/RSH3+RMT1/RES,"https://www.google.com/maps/@?api=1&map_action=pano&viewpoint=38.69897786,-9.21743137&heading=103.84209760020144&pitch=5&fov=120"
114.0,38.70013272062569,-9.219625943500716,Portugal,Lisbon,MCF,LWAL,CDM,2.0,RES,BP2,Select Epoch of Construction,RSH3,RMT1,,MCF/LWAL/CDM/H:2/BP2/RSH3+RMT1/RES,"https://www.google.com/maps/@?api=1&map_action=pano&viewpoint=38.70013272,-9.21962594&heading=31.958132300503053&pitch=5&fov=120"
115.0,38.69729691211767,-9.194289948526215,Portugal,Lisbon,MUR,LWAL,CDN,1.0,RES,BP2,Select Epoch of Construction,RSH2,RMT1,,MUR/LWAL/CDN/H:1/BP2/RSH2+RMT1/RES,"https://www.google.com/maps/@?api=1&map_action=pano&viewpoint=38.69729691,-9.19428995&heading=60.09751635276211&pitch=5&fov=120"
116.0,38.69950829999999,-9.226630750000002,Portugal,Oeiras,CR,LWAL,CDM,4.0,RES,BPD,Select Epoch of Construction,RSH2,RMT1,,CR/LWAL/CDM/H:4/BPD/RSH2+RMT1/RES,"https://www.google.com/maps/@?api=1&map_action=pano&viewpoint=38.6995083,-9.22663075&heading=50.542670225568486&pitch=5&fov=120"
117.0,38.69765017735863,-9.20266931326056,Portugal,Lisbon,MCF,LWAL,CDN,2.0,IND,BP2,Select Epoch of Construction,RSH2,RMT1,,MCF/LWAL/CDN/H:2/BP2/RSH2+RMT1/IND,"https://www.google.com/maps/@?api=1&map_action=pano&viewpoint=38.69765018,-9.20266931&heading=333.193394600478&pitch=5&fov=120"
118.0,38.70057744168279,-9.21946673595231,Portugal,Lisbon,MCF,LWAL,CDL,2.0,RES,BP2,Select Epoch of Construction,RSH3,RMT1,,MCF/LWAL/CDL/H:2/BP2/RSH3+RMT1/RES,"https://www.google.com/maps/@?api=1&map_action=pano&viewpoint=38.70057744,-9.21946674&heading=212.12448305589749&pitch=5&fov=120"
119.0,38.70002972057878,-9.206663190944475,Portugal,Lisbon,CR,LFINF,CDL,4.0,MIX(RES;COM),BP2,Select Epoch of Construction,RSH2,RMT1,,CR/LFINF/CDL/H:4/BP2/RSH2+RMT1/MIX(RES;COM),"https://www.google.com/maps/@?api=1&map_action=pano&viewpoint=38.70002972,-9.20666319&heading=326.1109150604317&pitch=5&fov=120"
121.0,38.70011485538432,-9.221577092943154,Portugal,Lisbon,MUR,LWAL,CDN,1.0,RES,BPD,Select Epoch of Construction,RSH3,RMT1,,MUR/LWAL/CDN/H:1/BPD/RSH3+RMT1/RES,"https://www.google.com/maps/@?api=1&map_action=pano&viewpoint=38.70011486,-9.22157709&heading=32.05482522270859&pitch=5&fov=120"
123.0,38.6971454991113,-9.202368747933871,Portugal,Lisbon,CR,LFM,CDL,3.0,MIX(RES;COM),BP2,Select Epoch of Construction,RSH2,RMT1,,CR/LFM/CDL/H:3/BP2/RSH2+RMT1/MIX(RES;COM),"https://www.google.com/maps/@?api=1&map_action=pano&viewpoint=38.6971455,-9.20236875&heading=155.1392284811746&pitch=5&fov=120"
124.0,38.69707876959824,-9.21965991294678,Portugal,Lisbon,CR,LFINF,CDL,2.0,RES,BPD,Select Epoch of Construction,RSH3,RMT1,,CR/LFINF/CDL/H:2/BPD/RSH3+RMT1/RES,"https://www.google.com/maps/@?api=1&map_action=pano&viewpoint=38.69707877,-9.21965991&heading=101.91914368867396&pitch=5&fov=120"
125.0,38.69461595444815,-9.218005635849812,Portugal,Lisbon,MUR,LWAL,CDL,1.0,COM,BP1,Select Epoch of Construction,RSH2,RMT1,,MUR/LWAL/CDL/H:1/BP1/RSH2+RMT1/COM,"https://www.google.com/maps/@?api=1&map_action=pano&viewpoint=38.69461595,-9.21800564&heading=99.80485701527482&pitch=5&fov=120"
127.0,38.69486315,-9.219909599999998,Portugal,Lisbon,S,LWAL,CDL,1.0,COM,BP1,Select Epoch of Construction,RSH2,RMT6,,S/LWAL/CDL/H:1/BP1/RSH2+RMT6/COM,"https://www.google.com/maps/@?api=1&map_action=pano&viewpoint=38.69486315,-9.2199096&heading=359.8959835411455&pitch=5&fov=120"
128.0,38.69793776736472,-9.193447614925148,Portugal,Lisbon,MUR,LWAL,CDN,1.0,RES,BP1,Select Epoch of Construction,RSH2,RMT1,,MUR/LWAL/CDN/H:1/BP1/RSH2+RMT1/RES,"https://www.google.com/maps/@?api=1&map_action=pano&viewpoint=38.69793777,-9.19344761&heading=54.763860200257454&pitch=5&fov=120"
129.0,38.69612490494149,-9.215504424691003,Portugal,Lisbon,MCF,LWAL,CDL,2.0,RES,BP2,Select Epoch of Construction,RSH2,RMT1,,MCF/LWAL/CDL/H:2/BP2/RSH2+RMT1/RES,"https://www.google.com/maps/@?api=1&map_action=pano&viewpoint=38.6961249,-9.21550442&heading=78.08505324282191&pitch=5&fov=120"
130.0,38.70169823186741,-9.2059375621715,Portugal,Lisbon,CR,LFINF,CDL,3.0,RES,BP1,Select Epoch of Construction,RSH3,RMT1,,CR/LFINF/CDL/H:3/BP1/RSH3+RMT1/RES,"https://www.google.com/maps/@?api=1&map_action=pano&viewpoint=38.70169823,-9.20593756&heading=176.9104061278805&pitch=5&fov=120"
131.0,38.6992324,-9.219485900000002,Portugal,Lisbon,MCF,LWAL,CDL,2.0,RES,BP2,Select Epoch of Construction,RSH2,RMT1,,MCF/LWAL/CDL/H:2/BP2/RSH2+RMT1/RES,"https://www.google.com/maps/@?api=1&map_action=pano&viewpoint=38.6992324,-9.2194859&heading=295.42096387223245&pitch=5&fov=120"
132.0,38.69832469173758,-9.212129766183102,Portugal,Lisbon,CR,LFINF,CDL,2.0,RES,BPD,Select Epoch of Construction,RSH3,RMT1,,CR/LFINF/CDL/H:2/BPD/RSH3+RMT1/RES,"https://www.google.com/maps/@?api=1&map_action=pano&viewpoint=38.69832469,-9.21212977&heading=317.5212420957532&pitch=5&fov=120"
134.0,38.69607714810894,-9.22239684213516,Portugal,Lisbon,MCF,LWAL,CDL,2.0,RES,BPD,Select Epoch of Construction,RSH3,RMT1,,MCF/LWAL/CDL/H:2/BPD/RSH3+RMT1/RES,"https://www.google.com/maps/@?api=1&map_action=pano&viewpoint=38.69607715,-9.22239684&heading=183.02149830140888&pitch=5&fov=120"
135.0,38.703896453745536,-9.204219820954842,Portugal,Lisbon,MCF,LWAL,CDL,2.0,RES,BP1,Select Epoch of Construction,RSH2,RMT1,,MCF/LWAL/CDL/H:2/BP1/RSH2+RMT1/RES,"https://www.google.com/maps/@?api=1&map_action=pano&viewpoint=38.70389645,-9.20421982&heading=289.28570954180617&pitch=5&fov=120"
136.0,38.69977063302319,-9.217412306227574,Portugal,Lisbon,CR,LFINF,CDL,2.0,RES,BPD,Select Epoch of Construction,RSH3,RMT1,,CR/LFINF/CDL/H:2/BPD/RSH3+RMT1/RES,"https://www.google.com/maps/@?api=1&map_action=pano&viewpoint=38.69977063,-9.21741231&heading=19.26369371792157&pitch=5&fov=120"
138.0,38.70046365,-9.2251352,Portugal,Lisbon,CR,LFINF,CDL,3.0,MIX(RES;COM),BP1,Select Epoch of Construction,RSH3,RMT1,,CR/LFINF/CDL/H:3/BP1/RSH3+RMT1/MIX(RES;COM),"https://www.google.com/maps/@?api=1&map_action=pano&viewpoint=38.70046365,-9.2251352&heading=299.6331888732816&pitch=5&fov=120"
139.0,38.70231906811581,-9.205495745009172,Portugal,Lisbon,MUR,LWAL,CDL,1.0,RES,BP1,Select Epoch of Construction,RSH2,RMT1,,MUR/LWAL/CDL/H:1/BP1/RSH2+RMT1/RES,"https://www.google.com/maps/@?api=1&map_action=pano&viewpoint=38.70231907,-9.20549575&heading=226.2298034963394&pitch=5&fov=120"
140.0,38.70292276435227,-9.20308105770315,Portugal,Lisbon,CR,LFM,CDL,5.0,MIX(RES;COM),BP1,Select Epoch of Construction,RSH1,RMN,,CR/LFM/CDL/H:5/BP1/RSH1+RMN/MIX(RES;COM),"https://www.google.com/maps/@?api=1&map_action=pano&viewpoint=38.70292276,-9.20308106&heading=167.79861182195424&pitch=5&fov=120"
141.0,38.69920560865662,-9.219583147113765,Portugal,Lisbon,MCF,LWAL,CDL,2.0,RES,BP2,Select Epoch of Construction,RSH2,RMT1,,MCF/LWAL/CDL/H:2/BP2/RSH2+RMT1/RES,"https://www.google.com/maps/@?api=1&map_action=pano&viewpoint=38.69920561,-9.21958315&heading=295.42090307017395&pitch=5&fov=120"
142.0,38.70028606182649,-9.20675945832942,Portugal,Lisbon,CR,LFINF,CDL,5.0,RES,BP2,Select Epoch of Construction,RSH2,RMT1,,CR/LFINF/CDL/H:5/BP2/RSH2+RMT1/RES,"https://www.google.com/maps/@?api=1&map_action=pano&viewpoint=38.70028606,-9.20675946&heading=65.8712111904673&pitch=5&fov=120"
143.0,38.69623889886602,-9.225338416300175,Portugal,Lisbon,CR,LFM,CDM,3.0,COM,BP1,Select Epoch of Construction,RSH1,RMN,,CR/LFM/CDM/H:3/BP1/RSH1+RMN/COM,"https://www.google.com/maps/@?api=1&map_action=pano&viewpoint=38.6962389,-9.22533842&heading=251.56530664751642&pitch=5&fov=120"
144.0,38.70002808572276,-9.204924605410136,Portugal,Lisbon,MUR,LWAL,CDL,1.0,RES,BP2,Select Epoch of Construction,RSH2,RMT1,,MUR/LWAL/CDL/H:1/BP2/RSH2+RMT1/RES,"https://www.google.com/maps/@?api=1&map_action=pano&viewpoint=38.70002809,-9.20492461&heading=122.42198801591945&pitch=5&fov=120"
145.0,38.70202187267182,-9.20282995082467,Portugal,Lisbon,CR,LFINF,CDL,3.0,RES,BP1,Select Epoch of Construction,RSH2,RMT1,,CR/LFINF/CDL/H:3/BP1/RSH2+RMT1/RES,"https://www.google.com/maps/@?api=1&map_action=pano&viewpoint=38.70202187,-9.20282995&heading=188.16094299559296&pitch=5&fov=120"
146.0,38.70087760324397,-9.21762482533302,Portugal,Lisbon,MCF,LWAL,CDL,2.0,COM,BPD,Select Epoch of Construction,RSH3,RMT1,,MCF/LWAL/CDL/H:2/BPD/RSH3+RMT1/COM,"https://www.google.com/maps/@?api=1&map_action=pano&viewpoint=38.7008776,-9.21762483&heading=71.7127274591329&pitch=5&fov=120"
147.0,38.69937080141632,-9.21926481373575,Portugal,Lisbon,MCF,LWAL,CDL,2.0,RES,BP2,Select Epoch of Construction,RSH2,RMT1,,MCF/LWAL/CDL/H:2/BP2/RSH2+RMT1/RES,"https://www.google.com/maps/@?api=1&map_action=pano&viewpoint=38.6993708,-9.21926481&heading=295.42110210584474&pitch=5&fov=120"
148.0,38.69532164145274,-9.218160116680414,Portugal,Lisbon,CR,LFM,CDM,4.0,MIX(RES;COM),BP1,Select Epoch of Construction,RSH3,RMT1,,CR/LFM/CDM/H:4/BP1/RSH3+RMT1/MIX(RES;COM),"https://www.google.com/maps/@?api=1&map_action=pano&viewpoint=38.69532164,-9.21816012&heading=171.3279350364221&pitch=5&fov=120"
152.0,38.696909897012986,-9.217406133940594,Portugal,Lisbon,MCF,LWAL,CDL,2.0,RES,BP2,Select Epoch of Construction,RSH2,RMT1,,MCF/LWAL/CDL/H:2/BP2/RSH2+RMT1/RES,"https://www.google.com/maps/@?api=1&map_action=pano&viewpoint=38.6969099,-9.21740613&heading=90.5223085060178&pitch=5&fov=120"
154.0,38.69713892553541,-9.225235677598162,Portugal,Lisbon,CR,LFM,CDM,4.0,MIX(RES;COM),BPD,Select Epoch of Construction,RSH1,RMN,,CR/LFM/CDM/H:4/BPD/RSH1+RMN/MIX(RES;COM),"https://www.google.com/maps/@?api=1&map_action=pano&viewpoint=38.69713893,-9.22523568&heading=182.97349637722425&pitch=5&fov=120"
156.0,38.69939927530365,-9.20454661848558,Portugal,Lisbon,MCF,LWAL,CDL,2.0,RES,BPD,Select Epoch of Construction,RSH3,RMT1,,MCF/LWAL/CDL/H:2/BPD/RSH3+RMT1/RES,"https://www.google.com/maps/@?api=1&map_action=pano&viewpoint=38.69939928,-9.20454662&heading=123.5828201079151&pitch=5&fov=120"
157.0,38.69606485306236,-9.216254916014735,Portugal,Lisbon,CR,LFINF,CDL,2.0,RES,BP1,Select Epoch of Construction,RSH3,RMT1,,CR/LFINF/CDL/H:2/BP1/RSH3+RMT1/RES,"https://www.google.com/maps/@?api=1&map_action=pano&viewpoint=38.69606485,-9.21625492&heading=79.40594049029863&pitch=5&fov=120"
159.0,38.70151482892247,-9.205721967478045,Portugal,Lisbon,MUR,LWAL,CDL,1,RES,BP1,Select Epoch of Construction,RSH2,RMT1,,MUR/LWAL/CDL/H:1/BP1/RSH2+RMT1/RES,"https://www.google.com/maps/@?api=1&map_action=pano&viewpoint=38.70151483,-9.20572197&heading=332.6949671908136&pitch=5&fov=120"
160.0,38.69601991773751,-9.217063443731243,Portugal,Lisbon,CR,LFINF,CDM,3,RES,BPD,Select Epoch of Construction,RSH1,RMN,,CR/LFINF/CDM/H:3/BPD/RSH1+RMN/RES,"https://www.google.com/maps/@?api=1&map_action=pano&viewpoint=38.69601992,-9.21706344&heading=259.8985469090109&pitch=5&fov=120"
163.0,38.70027550549923,-9.219725501612343,Portugal,Lisbon,MCF,LWAL,CDL,2,RES,BP2,Select Epoch of Construction,RSH2,RMT1,,MCF/LWAL/CDL/H:2/BP2/RSH2+RMT1/RES,"https://www.google.com/maps/@?api=1&map_action=pano&viewpoint=38.70027551,-9.2197255&heading=31.95807004060663&pitch=5&fov=120"
165.0,38.697591604470425,-9.216569839780732,Portugal,Lisbon,MCF,LWAL,CDL,2,RES,BP2,Select Epoch of Construction,RSH2,RMT1,,MCF/LWAL/CDL/H:2/BP2/RSH2+RMT1/RES,"https://www.google.com/maps/@?api=1&map_action=pano&viewpoint=38.6975916,-9.21656984&heading=87.36979390445788&pitch=5&fov=120"
166.0,38.69998381894624,-9.22639585136274,Portugal,Lisbon,CR,LFINF,CDL,4,RES,BP2,Select Epoch of Construction,RSH2,RMT1,,CR/LFINF/CDL/H:4/BP2/RSH2+RMT1/RES,"https://www.google.com/maps/@?api=1&map_action=pano&viewpoint=38.69998382,-9.22639585&heading=348.504615787112&pitch=5&fov=120"
167.0,38.69730477716291,-9.194075153703768,Portugal,Lisbon,MCF,LWAL,CDL,3,RES,BP2,Select Epoch of Construction,RSH1,RMN,,MCF/LWAL/CDL/H:3/BP2/RSH1+RMN/RES,"https://www.google.com/maps/@?api=1&map_action=pano&viewpoint=38.69730478,-9.19407515&heading=143.78976110013878&pitch=5&fov=120"
168.0,38.697676837514486,-9.202598079965895,Portugal,Lisbon,MUR,LWAL,CDL,2,RES,BP2,Select Epoch of Construction,RSH2,RMT1,,MUR/LWAL/CDL/H:2/BP2/RSH2+RMT1/RES,"https://www.google.com/maps/@?api=1&map_action=pano&viewpoint=38.69767684,-9.20259808&heading=154.5264265448704&pitch=5&fov=120"
169.0,38.70431679627527,-9.20248979965724,Portugal,Lisbon,MCF,LWAL,CDL,3,RES,BP1,Select Epoch of Construction,RSH2,RMT1,,MCF/LWAL/CDL/H:3/BP1/RSH2+RMT1/RES,"https://www.google.com/maps/@?api=1&map_action=pano&viewpoint=38.7043168,-9.2024898&heading=148.94914839751124&pitch=5&fov=120"
171.0,38.69638926928008,-9.22077147482782,Portugal,Lisbon,CR,LFINF,CDL,4,RES,BP2,Select Epoch of Construction,RSH2,RMT1,,CR/LFINF/CDL/H:4/BP2/RSH2+RMT1/RES,"https://www.google.com/maps/@?api=1&map_action=pano&viewpoint=38.69638927,-9.22077147&heading=175.38859578187123&pitch=5&fov=120"
172.0,38.697926991725474,-9.203005748716825,Portugal,Lisbon,MCF,LWAL,CDL,2,RES,BP1,Select Epoch of Construction,RSH2,RMT1,,MCF/LWAL/CDL/H:2/BP1/RSH2+RMT1/RES,"https://www.google.com/maps/@?api=1&map_action=pano&viewpoint=38.69792699,-9.20300575&heading=155.81352191513554&pitch=5&fov=120"
174.0,38.6977824,-9.22412215,Portugal,Lisbon,MUR,LWAL,CDN,2,RES,BP1,Select Epoch of Construction,RSH2,RMT1,,MUR/LWAL/CDN/H:2/BP1/RSH2+RMT1/RES,"https://www.google.com/maps/@?api=1&map_action=pano&viewpoint=38.6977824,-9.22412215&heading=171.97792682617688&pitch=5&fov=120"
175.0,38.69913137548217,-9.220325528970903,Portugal,Lisbon,MCF,LWAL,CDL,2,RES,BP2,Select Epoch of Construction,RSH2,RMT1,,MCF/LWAL/CDL/H:2/BP2/RSH2+RMT1/RES,"https://www.google.com/maps/@?api=1&map_action=pano&viewpoint=38.69913138,-9.22032553&heading=296.5261410278083&pitch=5&fov=120"
176.0,38.6963267,-9.21199085,Portugal,Lisbon,CR,LFINF,CDM,6.0-7.0,RES,BPD,Select Epoch of Construction,RSH1,RMN,,CR/LFINF/CDM/H:6-7/BPD/RSH1+RMN/RES,"https://www.google.com/maps/@?api=1&map_action=pano&viewpoint=38.6963267,-9.21199085&heading=36.55000369738218&pitch=5&fov=120"
177.0,38.70347930073081,-9.220655568906292,Portugal,Lisbon,CR,LFM,CDH,1,COM,BPD,Select Epoch of Construction,RSH1,RMN,,CR/LFM/CDH/H:1/BPD/RSH1+RMN/COM,"https://www.google.com/maps/@?api=1&map_action=pano&viewpoint=38.7034793,-9.22065557&heading=204.65718248747402&pitch=5&fov=120"
178.0,38.70056317520336,-9.20346063819927,Portugal,Lisbon,MUR,LWAL,CDN,1,RES,BPD,Select Epoch of Construction,RSH2,RMT1,,MUR/LWAL/CDN/H:1/BPD/RSH2+RMT1/RES,"https://www.google.com/maps/@?api=1&map_action=pano&viewpoint=38.70056318,-9.20346064&heading=81.4699628701805&pitch=5&fov=120"
179.0,38.70453758348985,-9.202903205839569,Portugal,Lisbon,CR,LFM,CDL,3,MIX(RES;COM),BP1,Select Epoch of Construction,RSH3,RMT1,,CR/LFM/CDL/H:3/BP1/RSH3+RMT1/MIX(RES;COM),"https://www.google.com/maps/@?api=1&map_action=pano&viewpoint=38.70453758,-9.20290321&heading=135.43398444900976&pitch=5&fov=120"
180.0,38.696999369598245,-9.219187112946774,Portugal,Lisbon,MCF,LWAL,CDL,2,RES,BP2,Select Epoch of Construction,RSH2,RMT1,,MCF/LWAL/CDL/H:2/BP2/RSH2+RMT1/RES,"https://www.google.com/maps/@?api=1&map_action=pano&viewpoint=38.69699937,-9.21918711&heading=100.09104385428128&pitch=5&fov=120"
181.0,38.69769397918752,-9.202010980359832,Portugal,Lisbon,MCF,LWAL,CDL,2,RES,BP2,Select Epoch of Construction,RSH2,RMT1,,MCF/LWAL/CDL/H:2/BP2/RSH2+RMT1/RES,"https://www.google.com/maps/@?api=1&map_action=pano&viewpoint=38.69769398,-9.20201098&heading=222.10737676625922&pitch=5&fov=120"
183.0,38.69744107638463,-9.192978689262096,Portugal,Lisbon,CR,LFINF,CDL,3,MIX(RES;COM),BP2,Select Epoch of Construction,RSH2,RMT1,,CR/LFINF/CDL/H:3/BP2/RSH2+RMT1/MIX(RES;COM),"https://www.google.com/maps/@?api=1&map_action=pano&viewpoint=38.69744108,-9.19297869&heading=50.217414196675236&pitch=5&fov=120"
184.0,38.6969666425596,-9.202376730593254,Portugal,Lisbon,MCF,LWAL,CDL,3,MIX(RES;COM),BP1,Select Epoch of Construction,RSH2,RMT1,,MCF/LWAL/CDL/H:3/BP1/RSH2+RMT1/MIX(RES;COM),"https://www.google.com/maps/@?api=1&map_action=pano&viewpoint=38.69696664,-9.20237673&heading=155.13922349252175&pitch=5&fov=120"
185.0,38.70203709005129,-9.20382233576074,Portugal,Lisbon,CR,LFM,CDL,4,RES,BP2,Select Epoch of Construction,RSH3,RMT1,,CR/LFM/CDL/H:4/BP2/RSH3+RMT1/RES,"https://www.google.com/maps/@?api=1&map_action=pano&viewpoint=38.70203709,-9.20382234&heading=220.99369747715707&pitch=5&fov=120"
187.0,38.702057587497166,-9.202938588412463,Portugal,Lisbon,MCF,LWAL,CDL,3,MIX(RES;COM),BP2,Select Epoch of Construction,RSH3,RMT1,,MCF/LWAL/CDL/H:3/BP2/RSH3+RMT1/MIX(RES;COM),"https://www.google.com/maps/@?api=1&map_action=pano&viewpoint=38.70205759,-9.20293859&heading=184.5639060659371&pitch=5&fov=120"
189.0,38.69872398978363,-9.219267200385618,Portugal,Lisbon,MCF,LWAL,CDL,2,RES,BP2,Select Epoch of Construction,RSH2,RMT1,,MCF/LWAL/CDL/H:2/BP2/RSH2+RMT1/RES,"https://www.google.com/maps/@?api=1&map_action=pano&viewpoint=38.69872399,-9.2192672&heading=290.8050189226477&pitch=5&fov=120"
190.0,38.69767054160877,-9.193497501177983,Portugal,Lisbon,CR,LFM,CDL,3,RES,BP2,Select Epoch of Construction,RSH2,RMT1,,CR/LFM/CDL/H:3/BP2/RSH2+RMT1/RES,"https://www.google.com/maps/@?api=1&map_action=pano&viewpoint=38.69767054,-9.1934975&heading=316.5580074173064&pitch=5&fov=120"
192.0,38.7042659442318,-9.20296832638516,Portugal,Lisbon,MCF,LWAL,CDL,3,RES,BP2,Select Epoch of Construction,RSH2,RMT1,,MCF/LWAL/CDL/H:3/BP2/RSH2+RMT1/RES,"https://www.google.com/maps/@?api=1&map_action=pano&viewpoint=38.70426594,-9.20296833&heading=67.74436148694895&pitch=5&fov=120"
194.0,38.69900182476809,-9.214848118414016,Portugal,Lisbon,CR,LFM,CDL,2,RES,BPD,Select Epoch of Construction,RSH3,RMT1,,CR/LFM/CDL/H:2/BPD/RSH3+RMT1/RES,"https://www.google.com/maps/@?api=1&map_action=pano&viewpoint=38.69900182,-9.21484812&heading=63.1921017172333&pitch=5&fov=120"
195.0,38.6975873312784,-9.196876530428185,Portugal,Lisbon,MCF,LWAL,CDN,3,RES,BP2,Select Epoch of Construction,RSH2,RMT1,,MCF/LWAL/CDN/H:3/BP2/RSH2+RMT1/RES,"https://www.google.com/maps/@?api=1&map_action=pano&viewpoint=38.69758733,-9.19687653&heading=329.25954294919006&pitch=5&fov=120"
196.0,38.69448458144555,-9.218380527460925,Portugal,Lisbon,MUR,LWAL,CDN,1,COM,BP1,Select Epoch of Construction,RSH1,RMN,,MUR/LWAL/CDN/H:1/BP1/RSH1+RMN/COM,"https://www.google.com/maps/@?api=1&map_action=pano&viewpoint=38.69448458,-9.21838053&heading=187.70767624575274&pitch=5&fov=120"
197.0,38.69518661243683,-9.215946476272045,Portugal,Lisbon,CR,LFM,CDL,3,RES,BPD,Select Epoch of Construction,RSH3,RMT1,,CR/LFM/CDL/H:3/BPD/RSH3+RMT1/RES,"https://www.google.com/maps/@?api=1&map_action=pano&viewpoint=38.69518661,-9.21594648&heading=333.0130406797784&pitch=5&fov=120"
198.0,38.69362709883456,-9.208459691599629,Portugal,Lisbon,CR,LFM,CDH,1,COM,BPD,Select Epoch of Construction,RSH3,RMT1,,CR/LFM/CDH/H:1/BPD/RSH3+RMT1/COM,"https://www.google.com/maps/@?api=1&map_action=pano&viewpoint=38.6936271,-9.20845969&heading=226.96224780024158&pitch=5&fov=120"
200.0,38.6973994052417,-9.22287438348621,Portugal,Lisbon,MCF,LWAL,CDN,2,RES,BP2,Select Epoch of Construction,RSH1,RMN,,MCF/LWAL/CDN/H:2/BP2/RSH1+RMN/RES,"https://www.google.com/maps/@?api=1&map_action=pano&viewpoint=38.69739941,-9.22287438&heading=184.35978663098854&pitch=5&fov=120"
201.0,38.69877265456011,-9.219165989115782,Portugal,Lisbon,MCF,LWAL,CDN,2,RES,BP2,Select Epoch of Construction,RSH2,RMT1,,MCF/LWAL/CDN/H:2/BP2/RSH2+RMT1/RES,"https://www.google.com/maps/@?api=1&map_action=pano&viewpoint=38.69877265,-9.21916599&heading=290.8050822053409&pitch=5&fov=120"
202.0,38.700485129760025,-9.219875564606603,Portugal,Lisbon,MCF,LWAL,CDM,2,RES,BP2,Select Epoch of Construction,RSH3,RMT1,,MCF/LWAL/CDM/H:2/BP2/RSH3+RMT1/RES,"https://www.google.com/maps/@?api=1&map_action=pano&viewpoint=38.70048513,-9.21987556&heading=32.36185963584438&pitch=5&fov=120"
203.0,38.69611136856204,-9.221608836642972,Portugal,Lisbon,CR,LFM,CDM,2,RES,BPD,Select Epoch of Construction,RSH3,RMT1,,CR/LFM/CDM/H:2/BPD/RSH3+RMT1/RES,"https://www.google.com/maps/@?api=1&map_action=pano&viewpoint=38.69611137,-9.22160884&heading=3.675604586925772&pitch=5&fov=120"
204.0,38.694043116769016,-9.21832279992097,Portugal,Lisbon,CR,LFM,CDH,4,RES,BPD,Select Epoch of Construction,RSH1,RMN,,CR/LFM/CDH/H:4/BPD/RSH1+RMN/RES,"https://www.google.com/maps/@?api=1&map_action=pano&viewpoint=38.69404312,-9.2183228&heading=182.4367249222433&pitch=5&fov=120"
205.0,38.69764123425703,-9.195671477049313,Portugal,Lisbon,MCF,LWAL,CDN,3,RES,BP2,Select Epoch of Construction,RSH2,RMT1,,MCF/LWAL/CDN/H:3/BP2/RSH2+RMT1/RES,"https://www.google.com/maps/@?api=1&map_action=pano&viewpoint=38.69764123,-9.19567148&heading=324.872924664322&pitch=5&fov=120"
206.0,38.69913018282726,-9.217761791368126,Portugal,Lisbon,MCF,LWAL,CDN,2,RES,BP2,Select Epoch of Construction,RSH2,RMT1,,MCF/LWAL/CDN/H:2/BP2/RSH2+RMT1/RES,"https://www.google.com/maps/@?api=1&map_action=pano&viewpoint=38.69913018,-9.21776179&heading=283.8418910056026&pitch=5&fov=120"
208.0,38.69704466767885,-9.22463694423058,Portugal,Lisbon,CR,LFM,CDM,2,RES,BPD,Select Epoch of Construction,RSH3,RMT1,,CR/LFM/CDM/H:2/BPD/RSH3+RMT1/RES,"https://www.google.com/maps/@?api=1&map_action=pano&viewpoint=38.69704467,-9.22463694&heading=3.9226464223108337&pitch=5&fov=120"
210.0,38.6986251,-9.213730200000002,Portugal,Lisbon,CR,LFINF,CDL,3,RES,BPD,Select Epoch of Construction,RSH3,RMT1,,CR/LFINF/CDL/H:3/BPD/RSH3+RMT1/RES,"https://www.google.com/maps/@?api=1&map_action=pano&viewpoint=38.6986251,-9.2137302&heading=250.24631957582085&pitch=5&fov=120"
211.0,38.696369804594895,-9.223003384678035,Portugal,Lisbon,CR,LFINF,CDH,2,RES,BPD,Select Epoch of Construction,RSH1,RMN,,CR/LFINF/CDH/H:2/BPD/RSH1+RMN/RES,"https://www.google.com/maps/@?api=1&map_action=pano&viewpoint=38.6963698,-9.22300338&heading=181.77770957660937&pitch=5&fov=120"
212.0,38.7018862,-9.203443050000002,Portugal,Lisbon,CR,LFM,CDM,4,RES,BP2,Select Epoch of Construction,RSH2,RMT1,,CR/LFM/CDM/H:4/BP2/RSH2+RMT1/RES,"https://www.google.com/maps/@?api=1&map_action=pano&viewpoint=38.7018862,-9.20344305&heading=41.828351742761015&pitch=5&fov=120"
213.0,38.700873,-9.220299499999998,Portugal,Lisbon,MCF,LWAL,CDL,2,RES,BP1,Select Epoch of Construction,RSH2,RMT1,,MCF/LWAL/CDL/H:2/BP1/RSH2+RMT1/RES,"https://www.google.com/maps/@?api=1&map_action=pano&viewpoint=38.700873,-9.2202995&heading=302.3701442678971&pitch=5&fov=120"
214.0,38.69483292861002,-9.223271410903632,Portugal,Lisbon,CR,LFM,CDH,1,COM,BPD,Select Epoch of Construction,RSH1,RMN,,CR/LFM/CDH/H:1/BPD/RSH1+RMN/COM,"https://www.google.com/maps/@?api=1&map_action=pano&viewpoint=38.69483293,-9.22327141&heading=186.25494560331884&pitch=5&fov=120"
216.0,38.70078703973756,-9.2108937789295,Portugal,Lisbon,CR,LFM,CDH,2,RES,BPD,Select Epoch of Construction,RSH1,RMN,,CR/LFM/CDH/H:2/BPD/RSH1+RMN/RES,"https://www.google.com/maps/@?api=1&map_action=pano&viewpoint=38.70078704,-9.21089378&heading=144.18694929150234&pitch=5&fov=120"
219.0,38.696813595046976,-9.201945125845118,Portugal,Lisbon,MCF,LWAL,CDL,3,MIX(RES;COM),BP1,Select Epoch of Construction,RSH3,RMT1,,MCF/LWAL/CDL/H:3/BP1/RSH3+RMT1/MIX(RES;COM),"https://www.google.com/maps/@?api=1&map_action=pano&viewpoint=38.6968136,-9.20194513&heading=219.84100600864855&pitch=5&fov=120"
220.0,38.697306409371926,-9.19447765786266,Portugal,Lisbon,MCF,LWAL,CDL,4,RES,BP2,Select Epoch of Construction,RSH3,RMT1,,MCF/LWAL/CDL/H:4/BP2/RSH3+RMT1/RES,"https://www.google.com/maps/@?api=1&map_action=pano&viewpoint=38.69730641,-9.19447766&heading=153.21901852020443&pitch=5&fov=120"
221.0,38.6972303858882,-9.197087624068557,Portugal,Lisbon,CR,LFM,CDH,2,COM,BPD,Select Epoch of Construction,RSH1,RMN,,CR/LFM/CDH/H:2/BPD/RSH1+RMN/COM,"https://www.google.com/maps/@?api=1&map_action=pano&viewpoint=38.69723039,-9.19708762&heading=149.25941097315928&pitch=5&fov=120"
222.0,38.6971499953894,-9.218546486503389,Portugal,Lisbon,MCF,LWAL,CDL,2,RES,BP2,Select Epoch of Construction,RSH2,RMT1,,MCF/LWAL/CDL/H:2/BP2/RSH2+RMT1/RES,"https://www.google.com/maps/@?api=1&map_action=pano&viewpoint=38.69715,-9.21854649&heading=97.95726921007713&pitch=5&fov=120"
224.0,38.694300884744166,-9.206500638615427,Portugal,Lisbon,S,LFM,CDH,1,COM,BPD,Select Epoch of Construction,RSH1,RMT6,,S/LFM/CDH/H:1/BPD/RSH1+RMT6/COM,"https://www.google.com/maps/@?api=1&map_action=pano&viewpoint=38.69430088,-9.20650064&heading=136.9460530742448&pitch=5&fov=120"
225.0,38.69825417439068,-9.217847423055243,Portugal,Lisbon,MCF,LWAL,CDN,2,RES,BP2,Select Epoch of Construction,RSH2,RMT1,,MCF/LWAL/CDN/H:2/BP2/RSH2+RMT1/RES,"https://www.google.com/maps/@?api=1&map_action=pano&viewpoint=38.69825417,-9.21784742&heading=100.14875112501335&pitch=5&fov=120"
226.0,38.69520912953109,-9.213517487627676,Portugal,Lisbon,CR,LFINF,CDL,4,RES,BP2,Select Epoch of Construction,RSH2,RMT1,,CR/LFINF/CDL/H:4/BP2/RSH2+RMT1/RES,"https://www.google.com/maps/@?api=1&map_action=pano&viewpoint=38.69520913,-9.21351749&heading=326.04924767475575&pitch=5&fov=120"
227.0,38.69724360500349,-9.19671941096666,Portugal,Lisbon,MCF,LWAL,CDL,3,RES,BP2,Select Epoch of Construction,RSH2,RMT1,,MCF/LWAL/CDL/H:3/BP2/RSH2+RMT1/RES,"https://www.google.com/maps/@?api=1&map_action=pano&viewpoint=38.69724361,-9.19671941&heading=62.00646641776291&pitch=5&fov=120"
229.0,38.70316915735257,-9.203420020559888,Portugal,Lisbon,CR,LFINF,CDL,4,RES,BP1,Select Epoch of Construction,RSH3,RMT1,,CR/LFINF/CDL/H:4/BP1/RSH3+RMT1/RES,"https://www.google.com/maps/@?api=1&map_action=pano&viewpoint=38.70316916,-9.20342002&heading=301.51242442093417&pitch=5&fov=120"
230.0,38.69806844706161,-9.198472155466074,Portugal,Lisbon,MCF,LWAL,CDN,2,RES,BP2,Select Epoch of Construction,RSH2,RMT1,,MCF/LWAL/CDN/H:2/BP2/RSH2+RMT1/RES,"https://www.google.com/maps/@?api=1&map_action=pano&viewpoint=38.69806845,-9.19847216&heading=194.53780183025634&pitch=5&fov=120"
232.0,38.70354858364025,-9.203553995078272,Portugal,Lisbon,CR,LFINF,CDL,4,RES,BP2,Select Epoch of Construction,RSH2,RMT1,,CR/LFINF/CDL/H:4/BP2/RSH2+RMT1/RES,"https://www.google.com/maps/@?api=1&map_action=pano&viewpoint=38.70354858,-9.203554&heading=168.77411354540573&pitch=5&fov=120"
234.0,38.69756187116416,-9.194053091031856,Portugal,Lisbon,MCF,LWAL,CDN,3,RES,BP2,Select Epoch of Construction,RSH2,RMT1,,MCF/LWAL/CDN/H:3/BP2/RSH2+RMT1/RES,"https://www.google.com/maps/@?api=1&map_action=pano&viewpoint=38.69756187,-9.19405309&heading=323.78977489191254&pitch=5&fov=120"
235.0,38.69581954776914,-9.19521270452788,Portugal,Lisbon,CR,LFINF,CDL,3,COM,BPD,Select Epoch of Construction,RSH1,RMN,,CR/LFINF/CDL/H:3/BPD/RSH1+RMN/COM,"https://www.google.com/maps/@?api=1&map_action=pano&viewpoint=38.69581955,-9.1952127&heading=142.8474605884026&pitch=5&fov=120"
236.0,38.69480927777261,-9.213591842594838,Portugal,Lisbon,MUR,LWAL,CDL,2,RES,BP2,Select Epoch of Construction,RSH2,RMT1,,MUR/LWAL/CDL/H:2/BP2/RSH2+RMT1/RES,"https://www.google.com/maps/@?api=1&map_action=pano&viewpoint=38.69480928,-9.21359184&heading=329.0984751499976&pitch=5&fov=120"
237.0,38.69532205791639,-9.22002474353536,Portugal,Lisbon,MCF,LWAL,CDL,2,RES,BPD,Select Epoch of Construction,RSH3,RMT1,,MCF/LWAL/CDL/H:2/BPD/RSH3+RMT1/RES,"https://www.google.com/maps/@?api=1&map_action=pano&viewpoint=38.69532206,-9.22002474&heading=1.703448565483484&pitch=5&fov=120"
238.0,38.69524177965479,-9.213098729668756,Portugal,Lisbon,CR,LFINF,CDN,4,RES,BP2,Select Epoch of Construction,RSH2,RMT1,,CR/LFINF/CDN/H:4/BP2/RSH2+RMT1/RES,"https://www.google.com/maps/@?api=1&map_action=pano&viewpoint=38.69524178,-9.21309873&heading=323.7721827575091&pitch=5&fov=120"
239.0,38.70155578511301,-9.20480638667663,Portugal,Lisbon,MCF,LWAL,CDL,2,RES,BP1,Select Epoch of Construction,RSH2,RMT1,,MCF/LWAL/CDL/H:2/BP1/RSH2+RMT1/RES,"https://www.google.com/maps/@?api=1&map_action=pano&viewpoint=38.70155579,-9.20480639&heading=354.1154451939734&pitch=5&fov=120"
240.0,38.69769710145336,-9.216808799446085,Portugal,Lisbon,MUR,LWAL,CDN,2,RES,BP1,Select Epoch of Construction,RSH2,RMT1,,MUR/LWAL/CDN/H:2/BP1/RSH2+RMT1/RES,"https://www.google.com/maps/@?api=1&map_action=pano&viewpoint=38.6976971,-9.2168088&heading=90.32640838710012&pitch=5&fov=120"
242.0,38.694516858504905,-9.217882266620787,Portugal,Lisbon,MCF,LWAL,CDN,1,RES,BPD,Select Epoch of Construction,RSH2,RMT1,,MCF/LWAL/CDN/H:1/BPD/RSH2+RMT1/RES,"https://www.google.com/maps/@?api=1&map_action=pano&viewpoint=38.69451686,-9.21788227&heading=341.5251387785687&pitch=5&fov=120"
243.0,38.70085419422907,-9.21582219442845,Portugal,Lisbon,CR,LFM,CDM,2,GOV,BPD,Select Epoch of Construction,RSH3,RMT1,,CR/LFM/CDM/H:2/BPD/RSH3+RMT1/GOV,"https://www.google.com/maps/@?api=1&map_action=pano&viewpoint=38.70085419,-9.21582219&heading=20.785015966650917&pitch=5&fov=120"
244.0,38.69773969056107,-9.202039575344765,Portugal,Lisbon,MCF,LWAL,CDL,3,RES,BP2,Select Epoch of Construction,RSH2,RMT1,,MCF/LWAL/CDL/H:3/BP2/RSH2+RMT1/RES,"https://www.google.com/maps/@?api=1&map_action=pano&viewpoint=38.69773969,-9.20203958&heading=222.107358882943&pitch=5&fov=120"
245.0,38.69775819412166,-9.203443770476214,Portugal,Lisbon,MCF,LWAL,CDN,2,RES,BP1,Select Epoch of Construction,RSH2,RMT1,,MCF/LWAL/CDN/H:2/BP1/RSH2+RMT1/RES,"https://www.google.com/maps/@?api=1&map_action=pano&viewpoint=38.69775819,-9.20344377&heading=55.658089994454144&pitch=5&fov=120"
246.0,38.69632897283304,-9.2205713394497,Portugal,Lisbon,CR,LFINF,CDL,4,MIX(RES;COM),BP2,Select Epoch of Construction,RSH2,RMT1,,CR/LFINF/CDL/H:4/BP2/RSH2+RMT1/MIX(RES;COM),"https://www.google.com/maps/@?api=1&map_action=pano&viewpoint=38.69632897,-9.22057134&heading=173.7578384438636&pitch=5&fov=120"
247.0,38.697592399999984,-9.214923899999995,Portugal,Lisbon,MCF,LWAL,CDL,2,RES,BPD,Select Epoch of Construction,RSH3,RMT1,,MCF/LWAL/CDL/H:2/BPD/RSH3+RMT1/RES,"https://www.google.com/maps/@?api=1&map_action=pano&viewpoint=38.6975924,-9.2149239&heading=81.52028551663426&pitch=5&fov=120"
248.0,38.70328474534767,-9.216477459714794,Portugal,Lisbon,CR,LFM,CDM,2,RES,BPD,Select Epoch of Construction,RSH1,RMN,,CR/LFM/CDM/H:2/BPD/RSH1+RMN/RES,"https://www.google.com/maps/@?api=1&map_action=pano&viewpoint=38.70328475,-9.21647746&heading=182.44087214934234&pitch=5&fov=120"
249.0,38.70405989999999,-9.2051505,Portugal,Lisbon,CR,LDUAL,CDM,6.0-7.0,GOV,BPD,Select Epoch of Construction,RSH1,RMN,,CR/LDUAL/CDM/H:6-7/BPD/RSH1+RMN/GOV,"https://www.google.com/maps/@?api=1&map_action=pano&viewpoint=38.7040599,-9.2051505&heading=197.51076800618773&pitch=5&fov=120"
250.0,38.69717405592657,-9.202783539148667,Portugal,Lisbon,MCF,LWAL,CDN,3,RES,BP2,Select Epoch of Construction,RSH2,RMT1,,MCF/LWAL/CDN/H:3/BP2/RSH2+RMT1/RES,"https://www.google.com/maps/@?api=1&map_action=pano&viewpoint=38.69717406,-9.20278354&heading=154.87496653775958&pitch=5&fov=120"
251.0,38.69991585688401,-9.204112499804484,Portugal,Lisbon,MUR,LWAL,CDL,2,RES,BP1,Select Epoch of Construction,RSH3,RMT1,,MUR/LWAL/CDL/H:2/BP1/RSH3+RMT1/RES,"https://www.google.com/maps/@?api=1&map_action=pano&viewpoint=38.69991586,-9.2041125&heading=240.8296981674004&pitch=5&fov=120"
252.0,38.69293742966431,-9.209907027449216,Portugal,Lisbon,S,LFM,CDH,1,COM,BPD,Select Epoch of Construction,RSH1,RMT6,,S/LFM/CDH/H:1/BPD/RSH1+RMT6/COM,"https://www.google.com/maps/@?api=1&map_action=pano&viewpoint=38.69293743,-9.20990703&heading=134.93922886875623&pitch=5&fov=120"
253.0,38.70001602906928,-9.224922670562467,Portugal,Lisbon,MCF,LWAL,CDL,3,RES,BP2,Select Epoch of Construction,RSH2,RMT1,,MCF/LWAL/CDL/H:3/BP2/RSH2+RMT1/RES,"https://www.google.com/maps/@?api=1&map_action=pano&viewpoint=38.70001603,-9.22492267&heading=19.2965941636366&pitch=5&fov=120"
254.0,38.6979822178774,-9.192097545607446,Portugal,Lisbon,MCF,LWAL,CDL,1,EDU,BP2,Select Epoch of Construction,RSH3,RMT1,,MCF/LWAL/CDL/H:1/BP2/RSH3+RMT1/EDU,"https://www.google.com/maps/@?api=1&map_action=pano&viewpoint=38.69798222,-9.19209755&heading=316.42073178362284&pitch=5&fov=120"
255.0,38.7004591,-9.21256575,Portugal,Lisbon,MCF,LWAL,CDM,1,GOV,BPD,Select Epoch of Construction,RSH3,RMT1,,MCF/LWAL/CDM/H:1/BPD/RSH3+RMT1/GOV,"https://www.google.com/maps/@?api=1&map_action=pano&viewpoint=38.7004591,-9.21256575&heading=132.56475835797085&pitch=5&fov=120"
256.0,38.69893361666658,-9.22076918113075,Portugal,Lisbon,MCF,LWAL,CDL,3,RES,BP2,Select Epoch of Construction,RSH2,RMT1,,MCF/LWAL/CDL/H:3/BP2/RSH2+RMT1/RES,"https://www.google.com/maps/@?api=1&map_action=pano&viewpoint=38.69893362,-9.22076918&heading=297.6660919181282&pitch=5&fov=120"
257.0,38.69818601454852,-9.21789698333313,Portugal,Lisbon,MCF,LWAL,CDL,2,RES,BP2,Select Epoch of Construction,RSH2,RMT1,,MCF/LWAL/CDL/H:2/BP2/RSH2+RMT1/RES,"https://www.google.com/maps/@?api=1&map_action=pano&viewpoint=38.69818601,-9.21789698&heading=100.1487201386646&pitch=5&fov=120"
259.0,38.69532450331973,-9.214397603355415,Portugal,Lisbon,CR,LFINF,CDL,4,MIX(RES;COM),BP2,Select Epoch of Construction,RSH2,RMT1,,CR/LFINF/CDL/H:4/BP2/RSH2+RMT1/MIX(RES;COM),"https://www.google.com/maps/@?api=1&map_action=pano&viewpoint=38.6953245,-9.2143976&heading=230.75111926043553&pitch=5&fov=120"
260.0,38.697516606713016,-9.20315320708357,Portugal,Lisbon,CR,LFM,CDL,4,MIX(RES;COM),BP2,Select Epoch of Construction,RSH2,RMT1,,CR/LFM/CDL/H:4/BP2/RSH2+RMT1/MIX(RES;COM),"https://www.google.com/maps/@?api=1&map_action=pano&viewpoint=38.69751661,-9.20315321&heading=334.1676595852583&pitch=5&fov=120"
261.0,38.69471761230689,-9.21198746060335,Portugal,Lisbon,CR,LFM,CDM,2,COM,BP2,Select Epoch of Construction,RSH2,RMT6,,CR/LFM/CDM/H:2/BP2/RSH2+RMT6/COM,"https://www.google.com/maps/@?api=1&map_action=pano&viewpoint=38.69471761,-9.21198746&heading=309.8327128376876&pitch=5&fov=120"
262.0,38.69990299021451,-9.225263475597092,Portugal,Lisbon,MCF,LWAL,CDM,3,RES,BP2,Select Epoch of Construction,RSH2,RMT1,,MCF/LWAL/CDM/H:3/BP2/RSH2+RMT1/RES,"https://www.google.com/maps/@?api=1&map_action=pano&viewpoint=38.69990299,-9.22526348&heading=197.14716630382634&pitch=5&fov=120"
263.0,38.69780436324183,-9.202840197560432,Portugal,Lisbon,MCF,LWAL,CDL,2,RES,BP1,Select Epoch of Construction,RSH2,RMT1,,MCF/LWAL/CDL/H:2/BP1/RSH2+RMT1/RES,"https://www.google.com/maps/@?api=1&map_action=pano&viewpoint=38.69780436,-9.2028402&heading=155.81362541901262&pitch=5&fov=120"
266.0,38.69235620933097,-9.213159488507976,Portugal,Lisbon,CR,LFINF,CDL,3,COM,BPD,Select Epoch of Construction,RSH1,RMN,,CR/LFINF/CDL/H:3/BPD/RSH1+RMN/COM,"https://www.google.com/maps/@?api=1&map_action=pano&viewpoint=38.69235621,-9.21315949&heading=319.2822649380457&pitch=5&fov=120"
268.0,38.7017774,-9.2159237,Portugal,Lisbon,CR,LFINF,CDL,2,RES,BPD,Select Epoch of Construction,RSH2,RMT1,,CR/LFINF/CDL/H:2/BPD/RSH2+RMT1/RES,"https://www.google.com/maps/@?api=1&map_action=pano&viewpoint=38.7017774,-9.2159237&heading=218.07653417556168&pitch=5&fov=120"
270.0,38.69762063126856,-9.19580166855477,Portugal,Lisbon,MUR,LWAL,CDN,3,RES,BP2,Select Epoch of Construction,RSH3,RMT1,,MUR/LWAL/CDN/H:3/BP2/RSH3+RMT1/RES,"https://www.google.com/maps/@?api=1&map_action=pano&viewpoint=38.69762063,-9.19580167&heading=324.87284326825795&pitch=5&fov=120"
272.0,38.70033563467832,-9.22606648323008,Portugal,Lisbon,MCF,LWAL,CDL,3,RES,BP2,Select Epoch of Construction,RSH2,RMT1,,MCF/LWAL/CDL/H:3/BP2/RSH2+RMT1/RES,"https://www.google.com/maps/@?api=1&map_action=pano&viewpoint=38.70033563,-9.22606648&heading=171.6686169980286&pitch=5&fov=120"
273.0,38.70397134888276,-9.202888360368162,Portugal,Lisbon,MCF,LWAL,CDN,2,RES,BP2,Select Epoch of Construction,RSH3,RMT1,,MCF/LWAL/CDN/H:2/BP2/RSH3+RMT1/RES,"https://www.google.com/maps/@?api=1&map_action=pano&viewpoint=38.70397135,-9.20288836&heading=354.70159299244744&pitch=5&fov=120"
274.0,38.70099255910662,-9.219504761869532,Portugal,Lisbon,CR,LFM,CDM,2,RES,BPD,Select Epoch of Construction,RSH3,RMT1,,CR/LFM/CDM/H:2/BPD/RSH3+RMT1/RES,"https://www.google.com/maps/@?api=1&map_action=pano&viewpoint=38.70099256,-9.21950476&heading=302.0341529604568&pitch=5&fov=120"
275.0,38.70234007307665,-9.205285186987991,Portugal,Lisbon,MUR,LWAL,CDN,1,RES,BP2,Select Epoch of Construction,RSH3,RMT1,,MUR/LWAL/CDN/H:1/BP2/RSH3+RMT1/RES,"https://www.google.com/maps/@?api=1&map_action=pano&viewpoint=38.70234007,-9.20528519&heading=157.92917062301456&pitch=5&fov=120"
276.0,38.701666013178986,-9.203344120868802,Portugal,Lisbon,CR,LFINF,CDL,4,RES,BP1,Select Epoch of Construction,RSH2,RMT1,,CR/LFINF/CDL/H:4/BP1/RSH2+RMT1/RES,"https://www.google.com/maps/@?api=1&map_action=pano&viewpoint=38.70166601,-9.20334412&heading=158.84032869344497&pitch=5&fov=120"
278.0,38.69795403747644,-9.20372040684132,Portugal,Lisbon,MCF,LWAL,CDN,3,RES,BP2,Select Epoch of Construction,RSH2,RMT1,,MCF/LWAL/CDN/H:3/BP2/RSH2+RMT1/RES,"https://www.google.com/maps/@?api=1&map_action=pano&viewpoint=38.69795404,-9.20372041&heading=335.2101922085613&pitch=5&fov=120"
279.0,38.69986230573498,-9.219821030226973,Portugal,Lisbon,MUR,LWAL,CDN,2,RES,BP2,Select Epoch of Construction,RSH2,RMT1,,MUR/LWAL/CDN/H:2/BP2/RSH2+RMT1/RES,"https://www.google.com/maps/@?api=1&map_action=pano&viewpoint=38.69986231,-9.21982103&heading=32.01147897334499&pitch=5&fov=120"
282.0,38.70182944999999,-9.20405535,Portugal,Lisbon,CR,LFM,CDL,5,RES,BP2,Select Epoch of Construction,RSH3,RMT1,,CR/LFM/CDL/H:5/BP2/RSH3+RMT1/RES,"https://www.google.com/maps/@?api=1&map_action=pano&viewpoint=38.70182945,-9.20405535&heading=313.0521368124489&pitch=5&fov=120"
283.0,38.69712352742695,-9.217656656879074,Portugal,Lisbon,MUR,LWAL,CDL,2,RES,BP1,Select Epoch of Construction,RSH2,RMT1,,MUR/LWAL/CDL/H:2/BP1/RSH2+RMT1/RES,"https://www.google.com/maps/@?api=1&map_action=pano&viewpoint=38.69712353,-9.21765666&heading=92.78716509675138&pitch=5&fov=120"
285.0,38.70087507330791,-9.226544392104742,Portugal,Lisbon,CR,LFINF,CDL,3,RES,BPD,Select Epoch of Construction,RSH2,RMT1,,CR/LFINF/CDL/H:3/BPD/RSH2+RMT1/RES,"https://www.google.com/maps/@?api=1&map_action=pano&viewpoint=38.70087507,-9.22654439&heading=84.36733523576174&pitch=5&fov=120"
286.0,38.69728083944735,-9.21145982131239,Portugal,Lisbon,CR,LFM,CDH,3,RES,BPD,Select Epoch of Construction,RSH1,RMN,,CR/LFM/CDH/H:3/BPD/RSH1+RMN/RES,"https://www.google.com/maps/@?api=1&map_action=pano&viewpoint=38.69728084,-9.21145982&heading=132.49245263373314&pitch=5&fov=120"
289.0,38.69763221705599,-9.20140939708602,Portugal,Lisbon,MUR,LWAL,CDL,1,RES,BP2,Select Epoch of Construction,RSH2,RMT1,,MUR/LWAL/CDL/H:1/BP2/RSH2+RMT1/RES,"https://www.google.com/maps/@?api=1&map_action=pano&viewpoint=38.69763222,-9.2014094&heading=252.30771509657774&pitch=5&fov=120"
290.0,38.6996894127665,-9.220886292804355,Portugal,Lisbon,MCF,LWAL,CDL,2,RES,BP2,Select Epoch of Construction,RSH3,RMT1,,MCF/LWAL/CDL/H:2/BP2/RSH3+RMT1/RES,"https://www.google.com/maps/@?api=1&map_action=pano&viewpoint=38.69968941,-9.22088629&heading=211.97999198570818&pitch=5&fov=120"
292.0,38.69703386773332,-9.218162747601909,Portugal,Lisbon,MCF,LWAL,CDL,2,RES,BP2,Select Epoch of Construction,RSH2,RMT1,,MCF/LWAL/CDL/H:2/BP2/RSH2+RMT1/RES,"https://www.google.com/maps/@?api=1&map_action=pano&viewpoint=38.69703387,-9.21816275&heading=94.55521673609888&pitch=5&fov=120"
293.0,38.69586716092721,-9.224632333722292,Portugal,Lisbon,CR,LFINF,CDL,3,COM,BPD,Select Epoch of Construction,RSH1,RMN,,CR/LFINF/CDL/H:3/BPD/RSH1+RMN/COM,"https://www.google.com/maps/@?api=1&map_action=pano&viewpoint=38.69586716,-9.22463233&heading=109.44883095284848&pitch=5&fov=120"
294.0,38.69633840268808,-9.22132701896106,Portugal,Lisbon,MCF,LWAL,CDL,2,RES,BPD,Select Epoch of Construction,RSH3,RMT1,,MCF/LWAL/CDL/H:2/BPD/RSH3+RMT1/RES,"https://www.google.com/maps/@?api=1&map_action=pano&viewpoint=38.6963384,-9.22132702&heading=179.62767963481303&pitch=5&fov=120"
295.0,38.697309,-9.21863715,Portugal,Lisbon,MUR,LWAL,CDL,1,RES,BP2,Select Epoch of Construction,RSH1,RMN,,MUR/LWAL/CDL/H:1/BP2/RSH1+RMN/RES,"https://www.google.com/maps/@?api=1&map_action=pano&viewpoint=38.697309,-9.21863715&heading=279.45981589338044&pitch=5&fov=120"
296.0,38.69465840755423,-9.216403209901324,Portugal,Lisbon,MUR,LWAL,CDL,2,RES,BP2,Select Epoch of Construction,RSH2,RMT1,,MUR/LWAL/CDL/H:2/BP2/RSH2+RMT1/RES,"https://www.google.com/maps/@?api=1&map_action=pano&viewpoint=38.69465841,-9.21640321&heading=247.72460075033922&pitch=5&fov=120"
297.0,38.69556248408463,-9.218317985352416,Portugal,Lisbon,CR,LFM,CDL,4,MIX(RES;COM),BP2,Select Epoch of Construction,RSH1,RMN,,CR/LFM/CDL/H:4/BP2/RSH1+RMN/MIX(RES;COM),"https://www.google.com/maps/@?api=1&map_action=pano&viewpoint=38.69556248,-9.21831799&heading=173.20863277705234&pitch=5&fov=120"
298.0,38.69954787576763,-9.203885457062643,Portugal,Lisbon,MUR,LWAL,CDL,2,RES,BP2,Select Epoch of Construction,RSH2,RMT1,,MUR/LWAL/CDL/H:2/BP2/RSH2+RMT1/RES,"https://www.google.com/maps/@?api=1&map_action=pano&viewpoint=38.69954788,-9.20388546&heading=62.90204419078583&pitch=5&fov=120"
299.0,38.69744991936437,-9.218250267452673,Portugal,Lisbon,MUR,LWAL,CDL,2,RES,BP2,Select Epoch of Construction,RSH2,RMT1,,MUR/LWAL/CDL/H:2/BP2/RSH2+RMT1/RES,"https://www.google.com/maps/@?api=1&map_action=pano&viewpoint=38.69744992,-9.21825027&heading=100.09333370426702&pitch=5&fov=120"
300.0,38.697759700000006,-9.21675995,Portugal,Lisbon,MUR,LWAL,CDL,2,RES,BP1,Select Epoch of Construction,RSH2,RMT1,,MUR/LWAL/CDL/H:2/BP1/RSH2+RMT1/RES,"https://www.google.com/maps/@?api=1&map_action=pano&viewpoint=38.6977597,-9.21675995&heading=90.32643892697524&pitch=5&fov=120"
302.0,38.69766033700046,-9.20309588184125,Portugal,Lisbon,CR,LFM,CDL,4,MIX(RES;COM),BP2,Select Epoch of Construction,RSH2,RMT1,,CR/LFM/CDL/H:4/BP2/RSH2+RMT1/MIX(RES;COM),"https://www.google.com/maps/@?api=1&map_action=pano&viewpoint=38.69766034,-9.20309588&heading=57.250134221747885&pitch=5&fov=120"
303.0,38.69612077930234,-9.211091314242951,Portugal,Lisbon,CR,LFM,CDL,4,RES,BP2,Select Epoch of Construction,RSH1,RMN,,CR/LFM/CDL/H:4/BP2/RSH1+RMN/RES,"https://www.google.com/maps/@?api=1&map_action=pano&viewpoint=38.69612078,-9.21109131&heading=128.6829571408204&pitch=5&fov=120"
306.0,38.70157061538942,-9.218555439705456,Portugal,Lisbon,MCF,LWAL,CDM,1,RES,BPD,Select Epoch of Construction,RSH1,RMN,,MCF/LWAL/CDM/H:1/BPD/RSH1+RMN/RES,"https://www.google.com/maps/@?api=1&map_action=pano&viewpoint=38.70157062,-9.21855544&heading=301.88739205463855&pitch=5&fov=120"
307.0,38.69884874516747,-9.220204084160114,Portugal,Lisbon,MCF,LWAL,CDL,2,RES,BP2,Select Epoch of Construction,RSH2,RMT1,,MCF/LWAL/CDL/H:2/BP2/RSH2+RMT1/RES,"https://www.google.com/maps/@?api=1&map_action=pano&viewpoint=38.69884875,-9.22020408&heading=295.26431704362506&pitch=5&fov=120"
308.0,38.69943581311692,-9.220372955233683,Portugal,Lisbon,MUR,LWAL,CDL,2,RES,BPD,Select Epoch of Construction,RSH3,RMT1,,MUR/LWAL/CDL/H:2/BPD/RSH3+RMT1/RES,"https://www.google.com/maps/@?api=1&map_action=pano&viewpoint=38.69943581,-9.22037296&heading=300.88618713894755&pitch=5&fov=120"
310.0,38.69731278579469,-9.195433289734092,Portugal,Lisbon,MUR,LWAL,CDN,1,COM,BPD,Select Epoch of Construction,RSH3,RMT1,,MUR/LWAL/CDN/H:1/BPD/RSH3+RMT1/COM,"https://www.google.com/maps/@?api=1&map_action=pano&viewpoint=38.69731279,-9.19543329&heading=145.7656548006509&pitch=5&fov=120"
311.0,38.70055165,-9.195341900000004,Portugal,Lisbon,CR,LFM,CDL,3,COM,BPD,Select Epoch of Construction,RSH2,RMT1,,CR/LFM/CDL/H:3/BPD/RSH2+RMT1/COM,"https://www.google.com/maps/@?api=1&map_action=pano&viewpoint=38.70055165,-9.1953419&heading=131.09259570007788&pitch=5&fov=120"
312.0,38.70439860375009,-9.20546803992563,Portugal,Lisbon,MCF,LWAL,CDM,2,GOV,BP2,Select Epoch of Construction,RSH1,RMN,,MCF/LWAL/CDM/H:2/BP2/RSH1+RMN/GOV,"https://www.google.com/maps/@?api=1&map_action=pano&viewpoint=38.7043986,-9.20546804&heading=197.39929824415827&pitch=5&fov=120"
314.0,38.70319778989434,-9.20300105449772,Portugal,Lisbon,CR,LFINF,CDL,5,RES,BP2,Select Epoch of Construction,RSH2,RMT1,,CR/LFINF/CDL/H:5/BP2/RSH2+RMT1/RES,"https://www.google.com/maps/@?api=1&map_action=pano&viewpoint=38.70319779,-9.20300105&heading=74.69297130215591&pitch=5&fov=120"
315.0,38.70023984641559,-9.213138392749764,Portugal,Lisbon,CR,LFINF,CDL,2,RES,BPD,Select Epoch of Construction,RSH3,RMT1,,CR/LFINF/CDL/H:2/BPD/RSH3+RMT1/RES,"https://www.google.com/maps/@?api=1&map_action=pano&viewpoint=38.70023985,-9.21313839&heading=150.31714184409452&pitch=5&fov=120"
316.0,38.69777818796037,-9.195054717276292,Portugal,Lisbon,MUR,LWAL,CDL,2,RES,BP2,Select Epoch of Construction,RSH2,RMT1,,MUR/LWAL/CDL/H:2/BP2/RSH2+RMT1/RES,"https://www.google.com/maps/@?api=1&map_action=pano&viewpoint=38.69777819,-9.19505472&heading=212.46745115783818&pitch=5&fov=120"
317.0,38.70479653051811,-9.202521387523566,Portugal,Lisbon,MUR,LWAL,CDL,2,MIX(RES;COM),BP1,Select Epoch of Construction,RSH2,RMT6,,MUR/LWAL/CDL/H:2/BP1/RSH2+RMT6/MIX(RES;COM),"https://www.google.com/maps/@?api=1&map_action=pano&viewpoint=38.70479653,-9.20252139&heading=310.61280977160914&pitch=5&fov=120"
318.0,38.70248729880671,-9.204890981480842,Portugal,Lisbon,CR,LFINF,CDN,4,RES,BP2,Select Epoch of Construction,RSH1,RMN,,CR/LFINF/CDN/H:4/BP2/RSH1+RMN/RES,"https://www.google.com/maps/@?api=1&map_action=pano&viewpoint=38.7024873,-9.20489098&heading=336.1976155903716&pitch=5&fov=120"
320.0,38.696218685984825,-9.222690297632033,Portugal,Lisbon,MUR,LWAL,CDL,2,RES,BPD,Select Epoch of Construction,RSH3,RMT1,,MUR/LWAL/CDL/H:2/BPD/RSH3+RMT1/RES,"https://www.google.com/maps/@?api=1&map_action=pano&viewpoint=38.69621869,-9.2226903&heading=181.77790531672213&pitch=5&fov=120"
321.0,38.6963747,-9.191255950000002,Portugal,Lisbon,S,LFINF,CDH,2,COM,BPD,Select Epoch of Construction,RSH1,RMT6,,S/LFINF/CDH/H:2/BPD/RSH1+RMT6/COM,"https://www.google.com/maps/@?api=1&map_action=pano&viewpoint=38.6963747,-9.19125595&heading=137.3370411366655&pitch=5&fov=120"
326.0,38.699835732547065,-9.223281873571835,Portugal,Lisbon,CR,LFINF,CDM,2,GOV,BPD,Select Epoch of Construction,RSH5,RMT1,,CR/LFINF/CDM/H:2/BPD/RSH5+RMT1/GOV,"https://www.google.com/maps/@?api=1&map_action=pano&viewpoint=38.69983573,-9.22328187&heading=122.72905779833388&pitch=5&fov=120"
328.0,38.69811411069992,-9.219601522315171,Portugal,Lisbon,MCF,LWAL,CDL,2,RES,BP2,Select Epoch of Construction,RSH2,RMT1,,MCF/LWAL/CDL/H:2/BP2/RSH2+RMT1/RES,"https://www.google.com/maps/@?api=1&map_action=pano&viewpoint=38.69811411,-9.21960152&heading=287.57221823155896&pitch=5&fov=120"
329.0,38.70329446857761,-9.21759265304225,Portugal,Lisbon,MCF,LWAL,CDN,2,RES,BPD,Select Epoch of Construction,RSH3,RMT1,,MCF/LWAL/CDN/H:2/BPD/RSH3+RMT1/RES,"https://www.google.com/maps/@?api=1&map_action=pano&viewpoint=38.70329447,-9.21759265&heading=133.08959010731257&pitch=5&fov=120"
330.0,38.70187997429161,-9.203122004604207,Portugal,Lisbon,CR,LFM,CDL,4,RES,BP2,Select Epoch of Construction,RSH1,RMN,,CR/LFM/CDL/H:4/BP2/RSH1+RMN/RES,"https://www.google.com/maps/@?api=1&map_action=pano&viewpoint=38.70187997,-9.203122&heading=350.76214679617783&pitch=5&fov=120"
331.0,38.697718453768736,-9.203144106215232,Portugal,Lisbon,MUR,LWAL,CDL,2,RES,BP1,Select Epoch of Construction,RSH2,RMT1,,MUR/LWAL/CDL/H:2/BP1/RSH2+RMT1/RES,"https://www.google.com/maps/@?api=1&map_action=pano&viewpoint=38.69771845,-9.20314411&heading=45.051057094535906&pitch=5&fov=120"
333.0,38.69762123228996,-9.193877682198266,Portugal,Lisbon,CR,LFINF,CDL,3,MIX(RES;COM),BP2,Select Epoch of Construction,RSH2,RMT1,,CR/LFINF/CDL/H:3/BP2/RSH2+RMT1/MIX(RES;COM),"https://www.google.com/maps/@?api=1&map_action=pano&viewpoint=38.69762123,-9.19387768&heading=316.55776972419255&pitch=5&fov=120"
334.0,38.69993414652394,-9.20783383378246,Portugal,Lisbon,CR,LFM,CDM,1,EDU,BPD,Select Epoch of Construction,RSH3,RMT1,,CR/LFM/CDM/H:1/BPD/RSH3+RMT1/EDU,"https://www.google.com/maps/@?api=1&map_action=pano&viewpoint=38.69993415,-9.20783383&heading=61.51743899265034&pitch=5&fov=120"
335.0,38.6995557850165,-9.199575083532386,Portugal,Lisbon,CR,LFINF,CDL,4,RES,BP2,Select Epoch of Construction,RSH1,RMN,,CR/LFINF/CDL/H:4/BP2/RSH1+RMN/RES,"https://www.google.com/maps/@?api=1&map_action=pano&viewpoint=38.69955579,-9.19957508&heading=51.65977658641356&pitch=5&fov=120"
339.0,38.70464647148517,-9.203354251162414,Portugal,Lisbon,MCF,LWAL,CDL,3,RES,BP1,Select Epoch of Construction,RSH3,RMT1,,MCF/LWAL/CDL/H:3/BP1/RSH3+RMT1/RES,"https://www.google.com/maps/@?api=1&map_action=pano&viewpoint=38.70464647,-9.20335425&heading=98.72274431615244&pitch=5&fov=120"
340.0,38.697558502952525,-9.21837681668352,Portugal,Lisbon,MCF,LWAL,CDL,2,RES,BP2,Select Epoch of Construction,RSH2,RMT1,,MCF/LWAL/CDL/H:2/BP2/RSH2+RMT1/RES,"https://www.google.com/maps/@?api=1&map_action=pano&viewpoint=38.6975585,-9.21837682&heading=280.09325458427566&pitch=5&fov=120"
342.0,38.695220431564096,-9.21332264994341,Portugal,Lisbon,CR,LFM,CDL,4,MIX(RES;COM),BP2,Select Epoch of Construction,RSH1,RMN,,CR/LFM/CDL/H:4/BP2/RSH1+RMN/MIX(RES;COM),"https://www.google.com/maps/@?api=1&map_action=pano&viewpoint=38.69522043,-9.21332265&heading=326.0493694841225&pitch=5&fov=120"
344.0,38.70285348697751,-9.202973392648488,Portugal,Lisbon,MCF,LWAL,CDL,3,MIX(RES;COM),BP2,Select Epoch of Construction,RSH2,RMT1,,MCF/LWAL/CDL/H:3/BP2/RSH2+RMT1/MIX(RES;COM),"https://www.google.com/maps/@?api=1&map_action=pano&viewpoint=38.70285349,-9.20297339&heading=211.73453066089024&pitch=5&fov=120"
345.0,38.69757042206162,-9.20387022768196,Portugal,Lisbon,MUR,LWAL,CDN,2,RES,BPD,Select Epoch of Construction,RSH2,RMT1,,MUR/LWAL/CDN/H:2/BPD/RSH2+RMT1/RES,"https://www.google.com/maps/@?api=1&map_action=pano&viewpoint=38.69757042,-9.20387023&heading=334.5786017114416&pitch=5&fov=120"
347.0,38.69933017961297,-9.2089754316014,Portugal,Lisbon,CR,LFM,CDM,2,RES,BPD,Select Epoch of Construction,RSH2,RMT1,,CR/LFM/CDM/H:2/BPD/RSH2+RMT1/RES,"https://www.google.com/maps/@?api=1&map_action=pano&viewpoint=38.69933018,-9.20897543&heading=30.705059331791233&pitch=5&fov=120"
348.0,38.69724659375856,-9.195937112278536,Portugal,Lisbon,CR,LFINF,CDL,2,COM,BP1,Select Epoch of Construction,RSH1,RMN,,CR/LFINF/CDL/H:2/BP1/RSH1+RMN/COM,"https://www.google.com/maps/@?api=1&map_action=pano&viewpoint=38.69724659,-9.19593711&heading=146.89798436000706&pitch=5&fov=120"
350.0,38.69756191327141,-9.203361488550476,Portugal,Lisbon,MCF,LWAL,CDL,3,RES,BP1,Select Epoch of Construction,RSH2,RMT1,,MCF/LWAL/CDL/H:3/BP1/RSH2+RMT1/RES,"https://www.google.com/maps/@?api=1&map_action=pano&viewpoint=38.69756191,-9.20336149&heading=67.89823042313185&pitch=5&fov=120"
352.0,38.70166413071559,-9.209330034649392,Portugal,Lisbon,S,LFM,CDM,1,EDU,BPD,Select Epoch of Construction,RSH2,RMT6,,S/LFM/CDM/H:1/BPD/RSH2+RMT6/EDU,"https://www.google.com/maps/@?api=1&map_action=pano&viewpoint=38.70166413,-9.20933003&heading=309.0319358591116&pitch=5&fov=120"
354.0,38.69634744288837,-9.221724830198376,Portugal,Lisbon,MUR,LWAL,CDN,1,RES,BP1,Select Epoch of Construction,RSH2,RMT1,,MUR/LWAL/CDN/H:1/BP1/RSH2+RMT1/RES,"https://www.google.com/maps/@?api=1&map_action=pano&viewpoint=38.69634744,-9.22172483&heading=79.50031058327363&pitch=5&fov=120"
358.0,38.69628965354651,-9.21690921118877,Portugal,Lisbon,MUR,LWAL,CDN,2,RES,BP1,Select Epoch of Construction,RSH2,RMT1,,MUR/LWAL/CDN/H:2/BP1/RSH2+RMT1/RES,"https://www.google.com/maps/@?api=1&map_action=pano&viewpoint=38.69628965,-9.21690921&heading=85.30217239825618&pitch=5&fov=120"
359.0,38.6995722474932,-9.203564667210877,Portugal,Lisbon,CR,LFINF,CDM,3,RES,BP2,Select Epoch of Construction,RSH1,RMN,,CR/LFINF/CDM/H:3/BP2/RSH1+RMN/RES,"https://www.google.com/maps/@?api=1&map_action=pano&viewpoint=38.69957225,-9.20356467&heading=259.93046191150313&pitch=5&fov=120"
360.0,38.698623880395154,-9.212350690113496,Portugal,Lisbon,CR,LFINF,CDM,2,RES,BPD,Select Epoch of Construction,RSH1,RMN,,CR/LFINF/CDM/H:2/BPD/RSH1+RMN/RES,"https://www.google.com/maps/@?api=1&map_action=pano&viewpoint=38.69862388,-9.21235069&heading=37.1680371287826&pitch=5&fov=120"
361.0,38.69727176897685,-9.216401842439096,Portugal,Lisbon,MCF,LWAL,CDL,2,RES,BP2,Select Epoch of Construction,RSH2,RMT1,,MCF/LWAL/CDL/H:2/BP2/RSH2+RMT1/RES,"https://www.google.com/maps/@?api=1&map_action=pano&viewpoint=38.69727177,-9.21640184&heading=85.41016165783401&pitch=5&fov=120"
362.0,38.69764121814944,-9.198208125666689,Portugal,Lisbon,CR,LFINF,CDL,4,MIX(RES;COM),BP2,Select Epoch of Construction,RSH2,RMT1,,CR/LFINF/CDL/H:4/BP2/RSH2+RMT1/MIX(RES;COM),"https://www.google.com/maps/@?api=1&map_action=pano&viewpoint=38.69764122,-9.19820813&heading=328.4765173202254&pitch=5&fov=120"
363.0,38.698196485014094,-9.191808387774332,Portugal,Lisbon,CR,LFM,CDN,3,RES,BP2,Select Epoch of Construction,RSH1,RMN,,CR/LFM/CDN/H:3/BP2/RSH1+RMN/RES,"https://www.google.com/maps/@?api=1&map_action=pano&viewpoint=38.69819649,-9.19180839&heading=204.2164775478882&pitch=5&fov=120"
364.0,38.69786681395218,-9.2178209820098,Portugal,Lisbon,MCF,LWAL,CDL,2,RES,BP2,Select Epoch of Construction,RSH2,RMT1,,MCF/LWAL/CDL/H:2/BP2/RSH2+RMT1/RES,"https://www.google.com/maps/@?api=1&map_action=pano&viewpoint=38.69786681,-9.21782098&heading=99.02909338190119&pitch=5&fov=120"
366.0,38.70060087428269,-9.205594597711952,Portugal,Lisbon,MUR,LWAL,CDL,1,RES,BP1,Select Epoch of Construction,RSH2,RMT1,,MUR/LWAL/CDL/H:1/BP1/RSH2+RMT1/RES,"https://www.google.com/maps/@?api=1&map_action=pano&viewpoint=38.70060087,-9.2055946&heading=314.9577142532298&pitch=5&fov=120"
367.0,38.697591135836326,-9.201355737256968,Portugal,Lisbon,CR,LFM,CDM,4,MIX(RES;COM),BP1,Select Epoch of Construction,RSH1,RMN,,CR/LFM/CDM/H:4/BP1/RSH1+RMN/MIX(RES;COM),"https://www.google.com/maps/@?api=1&map_action=pano&viewpoint=38.69759114,-9.20135574&heading=237.36738529407097&pitch=5&fov=120"
369.0,38.702246722178245,-9.20473309004503,Portugal,Lisbon,CR,LFINF,CDN,4,RES,BP2,Select Epoch of Construction,RSH1,RMN,,CR/LFINF/CDN/H:4/BP2/RSH1+RMN/RES,"https://www.google.com/maps/@?api=1&map_action=pano&viewpoint=38.70224672,-9.20473309&heading=350.8245955305805&pitch=5&fov=120"
373.0,38.70465755,-9.2029907,Portugal,Lisbon,MCF,LWAL,CDL,2,MIX(RES;COM),BPD,Select Epoch of Construction,RSH2,RMT1,,MCF/LWAL/CDL/H:2/BPD/RSH2+RMT1/MIX(RES;COM),"https://www.google.com/maps/@?api=1&map_action=pano&viewpoint=38.70465755,-9.2029907&heading=317.7550512031012&pitch=5&fov=120"
375.0,38.69641830050677,-9.218726083245292,Portugal,Lisbon,CR,LFINF,CDL,2,RES,BPD,Select Epoch of Construction,RSH3,RMT1,,CR/LFINF/CDL/H:2/BPD/RSH3+RMT1/RES,"https://www.google.com/maps/@?api=1&map_action=pano&viewpoint=38.6964183,-9.21872608&heading=115.39152170463348&pitch=5&fov=120"
376.0,38.69725987138754,-9.194376049858048,Portugal,Lisbon,CR,LFINF,CDM,4,RES,BP2,Select Epoch of Construction,RSH2,RMT1,,CR/LFINF/CDM/H:4/BP2/RSH2+RMT1/RES,"https://www.google.com/maps/@?api=1&map_action=pano&viewpoint=38.69725987,-9.19437605&heading=240.09746248702777&pitch=5&fov=120"
377.0,38.69721609862963,-9.218006027123923,Portugal,Lisbon,MUR,LWAL,CDL,2,RES,BP2,Select Epoch of Construction,RSH2,RMT1,,MUR/LWAL/CDL/H:2/BP2/RSH2+RMT1/RES,"https://www.google.com/maps/@?api=1&map_action=pano&viewpoint=38.6972161,-9.21800603&heading=95.82160495870545&pitch=5&fov=120"
379,38.70174881926292,-9.20288308446955,Portugal,Lisbon,MUR,LWAL,CDL,1,RES,BP2,Select Epoch of Construction,RSH2,RMT1,,MUR/LWAL/CDL/H:1/BP2/RSH2+RMT1/RES,"https://www.google.com/maps/@?api=1&map_action=pano&viewpoint=38.70174882,-9.20288308&heading=351.7023697574849&pitch=5&fov=120"
380,38.6964881668164,-9.222454212998414,Portugal,Lisbon,CR,LFM,CDM,3,RES,BPD,Select Epoch of Construction,RSH1,RMN,,CR/LFM/CDM/H:3/BPD/RSH1+RMN/RES,"https://www.google.com/maps/@?api=1&map_action=pano&viewpoint=38.69648817,-9.22245421&heading=1.7780529187270986&pitch=5&fov=120"
381,38.701993933427,-9.203478824339944,Portugal,Lisbon,CR,LFM,CDL,4,MIX(RES;COM),BP2,Select Epoch of Construction,RSH2,RMT1,,CR/LFM/CDL/H:4/BP2/RSH2+RMT1/MIX(RES;COM),"https://www.google.com/maps/@?api=1&map_action=pano&viewpoint=38.70199393,-9.20347882&heading=40.7402838809266&pitch=5&fov=120"
382,38.6967172,-9.224435949999998,Portugal,Lisbon,CR,LFM,CDM,4,RES,BP1,Select Epoch of Construction,RSH1,RMN,,CR/LFM/CDM/H:4/BP1/RSH1+RMN/RES,"https://www.google.com/maps/@?api=1&map_action=pano&viewpoint=38.6967172,-9.22443595&heading=183.92277208236942&pitch=5&fov=120"
383,38.69514722545538,-9.217055673854375,Portugal,Lisbon,CR,LFINF,CDL,4,RES,BP2,Select Epoch of Construction,RSH1,RMN,,CR/LFINF/CDL/H:4/BP2/RSH1+RMN/RES,"https://www.google.com/maps/@?api=1&map_action=pano&viewpoint=38.69514723,-9.21705567&heading=261.8596174331249&pitch=5&fov=120"
384,38.696513472730174,-9.21565151879076,Portugal,Lisbon,CR,LFM,CDM,2,RES,BPD,Select Epoch of Construction,RSH3,RMT1,,CR/LFM/CDM/H:2/BPD/RSH3+RMT1/RES,"https://www.google.com/maps/@?api=1&map_action=pano&viewpoint=38.69651347,-9.21565152&heading=78.08496127357927&pitch=5&fov=120"
386,38.69729466025493,-9.196251526481367,Portugal,Lisbon,CR,LFINF,CDL,3,RES,BP2,Select Epoch of Construction,RSH2,RMT1,,CR/LFINF/CDL/H:3/BP2/RSH2+RMT1/RES,"https://www.google.com/maps/@?api=1&map_action=pano&viewpoint=38.69729466,-9.19625153&heading=60.238241986667106&pitch=5&fov=120"
387,38.70131945512074,-9.205850428992576,Portugal,Lisbon,CR,LFINF,CDL,4,RES,BP2,Select Epoch of Construction,RSH1,RMN,,CR/LFINF/CDL/H:4/BP2/RSH1+RMN/RES,"https://www.google.com/maps/@?api=1&map_action=pano&viewpoint=38.70131946,-9.20585043&heading=137.5936015995341&pitch=5&fov=120"
388,38.69706304621546,-9.203163389562194,Portugal,Lisbon,MCF,LWAL,CDL,3,MIX(RES;COM),BP2,Select Epoch of Construction,RSH2,RMT1,,MCF/LWAL/CDL/H:3/BP2/RSH2+RMT1/MIX(RES;COM),"https://www.google.com/maps/@?api=1&map_action=pano&viewpoint=38.69706305,-9.20316339&heading=74.59434789569451&pitch=5&fov=120"
390,38.69920641544184,-9.220928287534116,Portugal,Lisbon,MCF,LWAL,CDL,2,RES,BPD,Select Epoch of Construction,RSH3,RMT1,,MCF/LWAL/CDL/H:2/BPD/RSH3+RMT1/RES,"https://www.google.com/maps/@?api=1&map_action=pano&viewpoint=38.69920642,-9.22092829&heading=301.71265589584425&pitch=5&fov=120"
391,38.699903233775984,-9.221033621074785,Portugal,Lisbon,MCF,LWAL,CDL,2,RES,BP2,Select Epoch of Construction,RSH3,RMT1,,MCF/LWAL/CDL/H:2/BP2/RSH3+RMT1/RES,"https://www.google.com/maps/@?api=1&map_action=pano&viewpoint=38.69990323,-9.22103362&heading=211.408908994204&pitch=5&fov=120"
392,38.69799752625775,-9.19264113734499,Portugal,Lisbon,MCF,LWAL,CDL,3,RES,BP1,Select Epoch of Construction,RSH2,RMT1,,MCF/LWAL/CDL/H:3/BP1/RSH2+RMT1/RES,"https://www.google.com/maps/@?api=1&map_action=pano&viewpoint=38.69799753,-9.19264114&heading=225.17359042755652&pitch=5&fov=120"
393,38.70387281720249,-9.203481429106,Portugal,Lisbon,MUR,LWAL,CDL,2,RES,BP1,Select Epoch of Construction,RSH2,RMT1,,MUR/LWAL/CDL/H:2/BP1/RSH2+RMT1/RES,"https://www.google.com/maps/@?api=1&map_action=pano&viewpoint=38.70387282,-9.20348143&heading=162.31775974981127&pitch=5&fov=120"
396,38.70283982867773,-9.20376064513316,Portugal,Lisbon,CR,LFINF,CDL,4,MIX(RES;COM),BP1,Select Epoch of Construction,RSH1,RMN,,CR/LFINF/CDL/H:4/BP1/RSH1+RMN/MIX(RES;COM),"https://www.google.com/maps/@?api=1&map_action=pano&viewpoint=38.70283983,-9.20376065&heading=149.9603377686587&pitch=5&fov=120"
397,38.70087271683647,-9.20597227581388,Portugal,Lisbon,CR,LFM,CDL,4,RES,BP2,Select Epoch of Construction,RSH1,RMN,,CR/LFM/CDL/H:4/BP2/RSH1+RMN/RES,"https://www.google.com/maps/@?api=1&map_action=pano&viewpoint=38.70087272,-9.20597228&heading=229.17707524457&pitch=5&fov=120"
399,38.69643883290212,-9.211602049402211,Portugal,Lisbon,CR,LFM,CDM,6.0-7.0,MIX(RES;COM),BP1,Select Epoch of Construction,RSH1,RMN,,CR/LFM/CDM/H:6-7/BP1/RSH1+RMN/MIX(RES;COM),"https://www.google.com/maps/@?api=1&map_action=pano&viewpoint=38.69643883,-9.21160205&heading=308.68263783023224&pitch=5&fov=120"
402,38.69571544192779,-9.213476260391747,Portugal,Lisbon,CR,LFM,CDM,4,RES,BP2,Select Epoch of Construction,RSH1,RMN,,CR/LFM/CDM/H:4/BP2/RSH1+RMN/RES,"https://www.google.com/maps/@?api=1&map_action=pano&viewpoint=38.69571544,-9.21347626&heading=61.21962605484117&pitch=5&fov=120"
