ID,Latitude,Longitude,Country,City,LLRS Material,LLRS,Code Level,Number of Stories,Occupancy,Block Position,Epoch of construction,Roof shape,Roof material,Image Quality,Taxonomy,Image filename or link
1_1,6.249026260019747,-75.59203566193949,Colombia,Medellín,MUR,LFM,CDN,4,RES,BP1,Select Epoch of Construction,RSH1,RMT6,,MUR/LFM+CDN/H:4/RES/BP1,"https://www.google.com/maps/@?api=1&map_action=pano&viewpoint=6.24902626,-75.59203566&heading=335.55982889956204&pitch=5&fov=120"
1_2,6.249026260019747,-75.59203566193949,Colombia,Medellín,MUR,LWAL,CDM,1,RES,BP1,Select Epoch of construction,RSH2,RMT6,,MUR/LWAL+CDM/H:1/RES/BP1,"https://www.google.com/maps/@?api=1&map_action=pano&viewpoint=6.24902626,-75.59203566&heading=335.55982889956204&pitch=5&fov=120"
1_3,6.249026260019747,-75.59203566193949,Colombia,Medellín,MUR,LFM,CDM,1,RES,BP1,Select Epoch of construction,RSH1,RMN,,MUR/LFM+CDM/H:1/RES/BP1,"https://www.google.com/maps/@?api=1&map_action=pano&viewpoint=6.24902626,-75.59203566&heading=335.55982889956204&pitch=5&fov=120"
,,,,,,,,,,,,,,,,
,,,,,,,,,,,,,,,,
,,,,,,,,,,,,,,,,
,,,,,,,,,,,,,,,,
,,,,,,,,,,,,,,,,
,,,,,,,,,,,,,,,,
,,,,,,,,,,,,,,,,
,,,,,,,,,,,,,,,,
,,,,,,,,,,,,,,,,
,,,,,,,,,,,,,,,,
,,,,,,,,,,,,,,,,
,,,,,,,,,,,,,,,,
,,,,,,,,,,,,,,,,
,,,,,,,,,,,,,,,,
,,,,,,,,,,,,,,,,
,,,,,,,,,,,,,,,,
,,,,,,,,,,,,,,,,
,,,,,,,,,,,,,,,,
,,,,,,,,,,,,,,,,
,,,,,,,,,,,,,,,,
,,,,,,,,,,,,,,,,
,,,,,,,,,,,,,,,,
,,,,,,,,,,,,,,,,
,,,,,,,,,,,,,,,,
,,,,,,,,,,,,,,,,
,,,,,,,,,,,,,,,,
,,,,,,,,,,,,,,,,
